/*
Post-Deployment Script Template							
--------------------------------------------------------------------------------------
 This file contains SQL statements that will be appended to the build script.		
 Use SQLCMD syntax to include a file in the post-deployment script.			
 Example:      :r .\myfile.sql								
 Use SQLCMD syntax to reference a variable in the post-deployment script.		
 Example:      :setvar TableName MyTable							
               SELECT * FROM [$(TableName)]					
--------------------------------------------------------------------------------------
*/
INSERT INTO [dbo].[BloodTypes] ([BloodTypeId],[BloodType],[PricePerUnit]) VALUES (1, 'A+',  150.00)
INSERT INTO [dbo].[BloodTypes] ([BloodTypeId],[BloodType],[PricePerUnit]) VALUES (2, 'A-',  300.00)
INSERT INTO [dbo].[BloodTypes] ([BloodTypeId],[BloodType],[PricePerUnit]) VALUES (3, 'B+',  300.00)
INSERT INTO [dbo].[BloodTypes] ([BloodTypeId],[BloodType],[PricePerUnit]) VALUES (4, 'B-',  400.00)
INSERT INTO [dbo].[BloodTypes] ([BloodTypeId],[BloodType],[PricePerUnit]) VALUES (5, 'AB+', 400.00)
INSERT INTO [dbo].[BloodTypes] ([BloodTypeId],[BloodType],[PricePerUnit]) VALUES (6, 'AB-', 500.00)
INSERT INTO [dbo].[BloodTypes] ([BloodTypeId],[BloodType],[PricePerUnit]) VALUES (7, 'O+',  150.00)
INSERT INTO [dbo].[BloodTypes] ([BloodTypeId],[BloodType],[PricePerUnit]) VALUES (8, 'O-',  400.00)


GO

INSERT INTO [dbo].[Clients] ([ClientId], [ClientFirstName], [ClientLastName]) VALUES (1, 'Damara', 'Tayler');
INSERT INTO [dbo].[Clients] ([ClientId], [ClientFirstName], [ClientLastName]) VALUES (2, 'Evangelin', 'Sprigin');
INSERT INTO [dbo].[Clients] ([ClientId], [ClientFirstName], [ClientLastName]) VALUES (3, 'Johan', 'Cottham');
INSERT INTO [dbo].[Clients] ([ClientId], [ClientFirstName], [ClientLastName]) VALUES (4, 'Vlad', 'Fiennes');
INSERT INTO [dbo].[Clients] ([ClientId], [ClientFirstName], [ClientLastName]) VALUES (5, 'Brody', 'Macallam');
INSERT INTO [dbo].[Clients] ([ClientId], [ClientFirstName], [ClientLastName]) VALUES (6, 'Kippy', 'Mitchelson');
INSERT INTO [dbo].[Clients] ([ClientId], [ClientFirstName], [ClientLastName]) VALUES (7, 'Whitby', 'Staterfield');
INSERT INTO [dbo].[Clients] ([ClientId], [ClientFirstName], [ClientLastName]) VALUES (8, 'Lauren', 'Burdge');
INSERT INTO [dbo].[Clients] ([ClientId], [ClientFirstName], [ClientLastName]) VALUES (9, 'Vic', 'Dyhouse');
INSERT INTO [dbo].[Clients] ([ClientId], [ClientFirstName], [ClientLastName]) VALUES (10, 'Harp', 'Gainforth');
INSERT INTO [dbo].[Clients] ([ClientId], [ClientFirstName], [ClientLastName]) VALUES (11, 'Katusha', 'Mee');
INSERT INTO [dbo].[Clients] ([ClientId], [ClientFirstName], [ClientLastName]) VALUES (12, 'Fallon', 'Genese');
INSERT INTO [dbo].[Clients] ([ClientId], [ClientFirstName], [ClientLastName]) VALUES (13, 'Janina', 'Gold');
INSERT INTO [dbo].[Clients] ([ClientId], [ClientFirstName], [ClientLastName]) VALUES (14, 'Lev', 'Wilby');
INSERT INTO [dbo].[Clients] ([ClientId], [ClientFirstName], [ClientLastName]) VALUES (15, 'Netti', 'Diem');
INSERT INTO [dbo].[Clients] ([ClientId], [ClientFirstName], [ClientLastName]) VALUES (16, 'Graig', 'Guyton');
INSERT INTO [dbo].[Clients] ([ClientId], [ClientFirstName], [ClientLastName]) VALUES (17, 'Consalve', 'Dunwoody');
INSERT INTO [dbo].[Clients] ([ClientId], [ClientFirstName], [ClientLastName]) VALUES (18, 'Mandie', 'Curnick');
INSERT INTO [dbo].[Clients] ([ClientId], [ClientFirstName], [ClientLastName]) VALUES (19, 'Amity', 'MacMakin');
INSERT INTO [dbo].[Clients] ([ClientId], [ClientFirstName], [ClientLastName]) VALUES (20, 'Marji', 'Borley');
INSERT INTO [dbo].[Clients] ([ClientId], [ClientFirstName], [ClientLastName]) VALUES (21, 'Lucian', 'Benasik');
INSERT INTO [dbo].[Clients] ([ClientId], [ClientFirstName], [ClientLastName]) VALUES (22, 'Kennith', 'Rowthorn');
INSERT INTO [dbo].[Clients] ([ClientId], [ClientFirstName], [ClientLastName]) VALUES (23, 'Nina', 'Tertre');
INSERT INTO [dbo].[Clients] ([ClientId], [ClientFirstName], [ClientLastName]) VALUES (24, 'Agnella', 'Blaschke');
INSERT INTO [dbo].[Clients] ([ClientId], [ClientFirstName], [ClientLastName]) VALUES (25, 'Etan', 'Connar');
INSERT INTO [dbo].[Clients] ([ClientId], [ClientFirstName], [ClientLastName]) VALUES (26, 'Haywood', 'Tuffrey');
INSERT INTO [dbo].[Clients] ([ClientId], [ClientFirstName], [ClientLastName]) VALUES (27, 'Merle', 'Queree');
INSERT INTO [dbo].[Clients] ([ClientId], [ClientFirstName], [ClientLastName]) VALUES (28, 'Darsey', 'Beeckx');
INSERT INTO [dbo].[Clients] ([ClientId], [ClientFirstName], [ClientLastName]) VALUES (29, 'Barbabas', 'Storrah');
INSERT INTO [dbo].[Clients] ([ClientId], [ClientFirstName], [ClientLastName]) VALUES (30, 'Filmore', 'Ladewig');
INSERT INTO [dbo].[Clients] ([ClientId], [ClientFirstName], [ClientLastName]) VALUES (31, 'Sandy', 'Kacheller');
INSERT INTO [dbo].[Clients] ([ClientId], [ClientFirstName], [ClientLastName]) VALUES (32, 'Holmes', 'Goodsall');
INSERT INTO [dbo].[Clients] ([ClientId], [ClientFirstName], [ClientLastName]) VALUES (33, 'Guillema', 'Paolone');
INSERT INTO [dbo].[Clients] ([ClientId], [ClientFirstName], [ClientLastName]) VALUES (34, 'Windham', 'Parfett');
INSERT INTO [dbo].[Clients] ([ClientId], [ClientFirstName], [ClientLastName]) VALUES (35, 'Maxy', 'Ferronet');
INSERT INTO [dbo].[Clients] ([ClientId], [ClientFirstName], [ClientLastName]) VALUES (36, 'Phylys', 'Barens');
INSERT INTO [dbo].[Clients] ([ClientId], [ClientFirstName], [ClientLastName]) VALUES (37, 'Bernie', 'Speechley');
INSERT INTO [dbo].[Clients] ([ClientId], [ClientFirstName], [ClientLastName]) VALUES (38, 'Chere', 'Thing');
INSERT INTO [dbo].[Clients] ([ClientId], [ClientFirstName], [ClientLastName]) VALUES (39, 'Leoline', 'Wenzel');
INSERT INTO [dbo].[Clients] ([ClientId], [ClientFirstName], [ClientLastName]) VALUES (40, 'Wandie', 'Tolfrey');
INSERT INTO [dbo].[Clients] ([ClientId], [ClientFirstName], [ClientLastName]) VALUES (41, 'Barron', 'Hablot');
INSERT INTO [dbo].[Clients] ([ClientId], [ClientFirstName], [ClientLastName]) VALUES (42, 'Odelle', 'Deaton');
INSERT INTO [dbo].[Clients] ([ClientId], [ClientFirstName], [ClientLastName]) VALUES (43, 'Nikolos', 'McGuigan');
INSERT INTO [dbo].[Clients] ([ClientId], [ClientFirstName], [ClientLastName]) VALUES (44, 'Zerk', 'Ayshford');
INSERT INTO [dbo].[Clients] ([ClientId], [ClientFirstName], [ClientLastName]) VALUES (45, 'Hanson', 'Inskipp');
INSERT INTO [dbo].[Clients] ([ClientId], [ClientFirstName], [ClientLastName]) VALUES (46, 'Paddy', 'Bendare');
INSERT INTO [dbo].[Clients] ([ClientId], [ClientFirstName], [ClientLastName]) VALUES (47, 'Selestina', 'Simpkiss');
INSERT INTO [dbo].[Clients] ([ClientId], [ClientFirstName], [ClientLastName]) VALUES (48, 'Latashia', 'Robinett');
INSERT INTO [dbo].[Clients] ([ClientId], [ClientFirstName], [ClientLastName]) VALUES (49, 'Nicky', 'Papworth');
INSERT INTO [dbo].[Clients] ([ClientId], [ClientFirstName], [ClientLastName]) VALUES (50, 'Tim', 'Arnhold');
INSERT INTO [dbo].[Clients] ([ClientId], [ClientFirstName], [ClientLastName]) VALUES (51, 'Candra', 'Halladay');
INSERT INTO [dbo].[Clients] ([ClientId], [ClientFirstName], [ClientLastName]) VALUES (52, 'Devin', 'Deniskevich');
INSERT INTO [dbo].[Clients] ([ClientId], [ClientFirstName], [ClientLastName]) VALUES (53, 'Augie', 'Normansell');
INSERT INTO [dbo].[Clients] ([ClientId], [ClientFirstName], [ClientLastName]) VALUES (54, 'Trip', 'Muschette');
INSERT INTO [dbo].[Clients] ([ClientId], [ClientFirstName], [ClientLastName]) VALUES (55, 'Torrance', 'Biddell');
INSERT INTO [dbo].[Clients] ([ClientId], [ClientFirstName], [ClientLastName]) VALUES (56, 'Eugen', 'Mellers');
INSERT INTO [dbo].[Clients] ([ClientId], [ClientFirstName], [ClientLastName]) VALUES (57, 'Emmalynn', 'Whitfield');
INSERT INTO [dbo].[Clients] ([ClientId], [ClientFirstName], [ClientLastName]) VALUES (58, 'Vonnie', 'Beveredge');
INSERT INTO [dbo].[Clients] ([ClientId], [ClientFirstName], [ClientLastName]) VALUES (59, 'Jamey', 'Roblett');
INSERT INTO [dbo].[Clients] ([ClientId], [ClientFirstName], [ClientLastName]) VALUES (60, 'Laurianne', 'Rimes');
INSERT INTO [dbo].[Clients] ([ClientId], [ClientFirstName], [ClientLastName]) VALUES (61, 'Riordan', 'Ellerman');
INSERT INTO [dbo].[Clients] ([ClientId], [ClientFirstName], [ClientLastName]) VALUES (62, 'Verene', 'Strettle');
INSERT INTO [dbo].[Clients] ([ClientId], [ClientFirstName], [ClientLastName]) VALUES (63, 'Fran', 'Almon');
INSERT INTO [dbo].[Clients] ([ClientId], [ClientFirstName], [ClientLastName]) VALUES (64, 'Marnie', 'Randals');
INSERT INTO [dbo].[Clients] ([ClientId], [ClientFirstName], [ClientLastName]) VALUES (65, 'Camel', 'Dargie');
INSERT INTO [dbo].[Clients] ([ClientId], [ClientFirstName], [ClientLastName]) VALUES (66, 'Sergio', 'Roach');
INSERT INTO [dbo].[Clients] ([ClientId], [ClientFirstName], [ClientLastName]) VALUES (67, 'Jewelle', 'Kilday');
INSERT INTO [dbo].[Clients] ([ClientId], [ClientFirstName], [ClientLastName]) VALUES (68, 'Betteanne', 'Daly');
INSERT INTO [dbo].[Clients] ([ClientId], [ClientFirstName], [ClientLastName]) VALUES (69, 'Candida', 'Stivens');
INSERT INTO [dbo].[Clients] ([ClientId], [ClientFirstName], [ClientLastName]) VALUES (70, 'Beverly', 'Jacklin');
INSERT INTO [dbo].[Clients] ([ClientId], [ClientFirstName], [ClientLastName]) VALUES (71, 'Coretta', 'Danshin');
INSERT INTO [dbo].[Clients] ([ClientId], [ClientFirstName], [ClientLastName]) VALUES (72, 'Barby', 'Phalp');
INSERT INTO [dbo].[Clients] ([ClientId], [ClientFirstName], [ClientLastName]) VALUES (73, 'York', 'Pedler');
INSERT INTO [dbo].[Clients] ([ClientId], [ClientFirstName], [ClientLastName]) VALUES (74, 'Thom', 'Lehrer');
INSERT INTO [dbo].[Clients] ([ClientId], [ClientFirstName], [ClientLastName]) VALUES (75, 'Edythe', 'Betteriss');
INSERT INTO [dbo].[Clients] ([ClientId], [ClientFirstName], [ClientLastName]) VALUES (76, 'Chloe', 'Cardinale');
INSERT INTO [dbo].[Clients] ([ClientId], [ClientFirstName], [ClientLastName]) VALUES (77, 'Tracey', 'Pilfold');
INSERT INTO [dbo].[Clients] ([ClientId], [ClientFirstName], [ClientLastName]) VALUES (78, 'Marleen', 'Priestman');
INSERT INTO [dbo].[Clients] ([ClientId], [ClientFirstName], [ClientLastName]) VALUES (79, 'Karoly', 'Erasmus');
INSERT INTO [dbo].[Clients] ([ClientId], [ClientFirstName], [ClientLastName]) VALUES (80, 'Randene', 'Eyam');
INSERT INTO [dbo].[Clients] ([ClientId], [ClientFirstName], [ClientLastName]) VALUES (81, 'Casey', 'Crust');
INSERT INTO [dbo].[Clients] ([ClientId], [ClientFirstName], [ClientLastName]) VALUES (82, 'Ansley', 'Keeling');
INSERT INTO [dbo].[Clients] ([ClientId], [ClientFirstName], [ClientLastName]) VALUES (83, 'Olimpia', 'Hazelgrove');
INSERT INTO [dbo].[Clients] ([ClientId], [ClientFirstName], [ClientLastName]) VALUES (84, 'Taddeo', 'Goneau');
INSERT INTO [dbo].[Clients] ([ClientId], [ClientFirstName], [ClientLastName]) VALUES (85, 'Travis', 'Moynham');
INSERT INTO [dbo].[Clients] ([ClientId], [ClientFirstName], [ClientLastName]) VALUES (86, 'Darnall', 'Twomey');
INSERT INTO [dbo].[Clients] ([ClientId], [ClientFirstName], [ClientLastName]) VALUES (87, 'Dix', 'O''Tierney');
INSERT INTO [dbo].[Clients] ([ClientId], [ClientFirstName], [ClientLastName]) VALUES (88, 'Erena', 'Carlon');
INSERT INTO [dbo].[Clients] ([ClientId], [ClientFirstName], [ClientLastName]) VALUES (89, 'Jefferson', 'Calam');
INSERT INTO [dbo].[Clients] ([ClientId], [ClientFirstName], [ClientLastName]) VALUES (90, 'Claire', 'Oglesbee');
INSERT INTO [dbo].[Clients] ([ClientId], [ClientFirstName], [ClientLastName]) VALUES (91, 'Tiebold', 'Frear');
INSERT INTO [dbo].[Clients] ([ClientId], [ClientFirstName], [ClientLastName]) VALUES (92, 'Ryun', 'Rosone');
INSERT INTO [dbo].[Clients] ([ClientId], [ClientFirstName], [ClientLastName]) VALUES (93, 'Trenna', 'Saffrin');
INSERT INTO [dbo].[Clients] ([ClientId], [ClientFirstName], [ClientLastName]) VALUES (94, 'Iain', 'Candlish');
INSERT INTO [dbo].[Clients] ([ClientId], [ClientFirstName], [ClientLastName]) VALUES (95, 'Cammi', 'Keiley');
INSERT INTO [dbo].[Clients] ([ClientId], [ClientFirstName], [ClientLastName]) VALUES (96, 'Meredithe', 'Cawthorne');
INSERT INTO [dbo].[Clients] ([ClientId], [ClientFirstName], [ClientLastName]) VALUES (97, 'Binnie', 'Applewhite');
INSERT INTO [dbo].[Clients] ([ClientId], [ClientFirstName], [ClientLastName]) VALUES (98, 'Freda', 'Erbain');
INSERT INTO [dbo].[Clients] ([ClientId], [ClientFirstName], [ClientLastName]) VALUES (99, 'Tyrus', 'Newlin');
INSERT INTO [dbo].[Clients] ([ClientId], [ClientFirstName], [ClientLastName]) VALUES (100, 'Vonny', 'Brack');

GO
INSERT INTO [dbo].[Donors] ([DonorId], [DonorFirstName], [DonorLastName], [DonorBirthday], [DonorAddress], [DonorPhone], [BloodTypeId]) VALUES (1, 'Teodorico', 'Balint', '08/09/1982', '91', '1162071823', '8');
INSERT INTO [dbo].[Donors] ([DonorId], [DonorFirstName], [DonorLastName], [DonorBirthday], [DonorAddress], [DonorPhone], [BloodTypeId]) VALUES (2, 'Demetris', 'Lammerts', '07/07/1946', '31', '3108150406', '8');
INSERT INTO [dbo].[Donors] ([DonorId], [DonorFirstName], [DonorLastName], [DonorBirthday], [DonorAddress], [DonorPhone], [BloodTypeId]) VALUES (3, 'Gale', 'Tregiddo', '10/28/1968', '68', '6512560139', '7');
INSERT INTO [dbo].[Donors] ([DonorId], [DonorFirstName], [DonorLastName], [DonorBirthday], [DonorAddress], [DonorPhone], [BloodTypeId]) VALUES (4, 'Saul', 'Toke', '11/21/1941', '68', '5186766005', '8');
INSERT INTO [dbo].[Donors] ([DonorId], [DonorFirstName], [DonorLastName], [DonorBirthday], [DonorAddress], [DonorPhone], [BloodTypeId]) VALUES (5, 'Kipp', 'Ducastel', '01/10/1942', '09', '8159626778', '8');
INSERT INTO [dbo].[Donors] ([DonorId], [DonorFirstName], [DonorLastName], [DonorBirthday], [DonorAddress], [DonorPhone], [BloodTypeId]) VALUES (6, 'Dar', 'Guyan', '04/01/1972', '25', '5861975628', '8');
INSERT INTO [dbo].[Donors] ([DonorId], [DonorFirstName], [DonorLastName], [DonorBirthday], [DonorAddress], [DonorPhone], [BloodTypeId]) VALUES (7, 'Adela', 'Bevans', '04/24/1988', '89', '3037973417', '7');
INSERT INTO [dbo].[Donors] ([DonorId], [DonorFirstName], [DonorLastName], [DonorBirthday], [DonorAddress], [DonorPhone], [BloodTypeId]) VALUES (8, 'Derwin', 'Purnell', '11/11/1968', '47', '4084282959', '8');
INSERT INTO [dbo].[Donors] ([DonorId], [DonorFirstName], [DonorLastName], [DonorBirthday], [DonorAddress], [DonorPhone], [BloodTypeId]) VALUES (9, 'Cayla', 'Gilks', '07/23/1966', '78', '9531734701', '6');
INSERT INTO [dbo].[Donors] ([DonorId], [DonorFirstName], [DonorLastName], [DonorBirthday], [DonorAddress], [DonorPhone], [BloodTypeId]) VALUES (10, 'Victor', 'Sneezem', '12/29/1986', '09', '9137617534', '8');
INSERT INTO [dbo].[Donors] ([DonorId], [DonorFirstName], [DonorLastName], [DonorBirthday], [DonorAddress], [DonorPhone], [BloodTypeId]) VALUES (11, 'Nessie', 'Kitter', '06/15/1987', '46', '4011632693', '1');
INSERT INTO [dbo].[Donors] ([DonorId], [DonorFirstName], [DonorLastName], [DonorBirthday], [DonorAddress], [DonorPhone], [BloodTypeId]) VALUES (12, 'Beaufort', 'Fockes', '04/25/1982', '07', '4436413083', '8');
INSERT INTO [dbo].[Donors] ([DonorId], [DonorFirstName], [DonorLastName], [DonorBirthday], [DonorAddress], [DonorPhone], [BloodTypeId]) VALUES (13, 'Yulma', 'Inchboard', '01/08/1946', '10', '1556279750', '8');
INSERT INTO [dbo].[Donors] ([DonorId], [DonorFirstName], [DonorLastName], [DonorBirthday], [DonorAddress], [DonorPhone], [BloodTypeId]) VALUES (14, 'Winston', 'Zylberdik', '08/27/1986', '63', '8279183080', '5');
INSERT INTO [dbo].[Donors] ([DonorId], [DonorFirstName], [DonorLastName], [DonorBirthday], [DonorAddress], [DonorPhone], [BloodTypeId]) VALUES (15, 'Marjorie', 'Galliford', '07/23/1942', '11', '5495130973', '8');
INSERT INTO [dbo].[Donors] ([DonorId], [DonorFirstName], [DonorLastName], [DonorBirthday], [DonorAddress], [DonorPhone], [BloodTypeId]) VALUES (16, 'Amara', 'Ever', '07/18/1946', '60', '2834868333', '1');
INSERT INTO [dbo].[Donors] ([DonorId], [DonorFirstName], [DonorLastName], [DonorBirthday], [DonorAddress], [DonorPhone], [BloodTypeId]) VALUES (17, 'Wally', 'Lilburn', '01/08/1966', '49', '6811283040', '3');
INSERT INTO [dbo].[Donors] ([DonorId], [DonorFirstName], [DonorLastName], [DonorBirthday], [DonorAddress], [DonorPhone], [BloodTypeId]) VALUES (18, 'Leanna', 'Hryskiewicz', '01/30/1975', '29', '4293274905', '8');
INSERT INTO [dbo].[Donors] ([DonorId], [DonorFirstName], [DonorLastName], [DonorBirthday], [DonorAddress], [DonorPhone], [BloodTypeId]) VALUES (19, 'Emmy', 'Gregore', '04/25/1982', '06', '1268907621', '5');
INSERT INTO [dbo].[Donors] ([DonorId], [DonorFirstName], [DonorLastName], [DonorBirthday], [DonorAddress], [DonorPhone], [BloodTypeId]) VALUES (20, 'Ade', 'Bellanger', '10/27/1965', '24', '4933500131', '8');
INSERT INTO [dbo].[Donors] ([DonorId], [DonorFirstName], [DonorLastName], [DonorBirthday], [DonorAddress], [DonorPhone], [BloodTypeId]) VALUES (21, 'Muhammad', 'Millis', '03/19/1963', '19', '8233662508', '6');
INSERT INTO [dbo].[Donors] ([DonorId], [DonorFirstName], [DonorLastName], [DonorBirthday], [DonorAddress], [DonorPhone], [BloodTypeId]) VALUES (22, 'Wang', 'Snalum', '07/23/1967', '19', '9188238155', '6');
INSERT INTO [dbo].[Donors] ([DonorId], [DonorFirstName], [DonorLastName], [DonorBirthday], [DonorAddress], [DonorPhone], [BloodTypeId]) VALUES (23, 'Baryram', 'Drohan', '07/20/1985', '13', '9922444547', '8');
INSERT INTO [dbo].[Donors] ([DonorId], [DonorFirstName], [DonorLastName], [DonorBirthday], [DonorAddress], [DonorPhone], [BloodTypeId]) VALUES (24, 'Stephenie', 'Belsham', '12/21/1948', '51', '5547383398', '8');
INSERT INTO [dbo].[Donors] ([DonorId], [DonorFirstName], [DonorLastName], [DonorBirthday], [DonorAddress], [DonorPhone], [BloodTypeId]) VALUES (25, 'Finn', 'Phipard-Shears', '11/24/1961', '34', '6841081416', '6');
INSERT INTO [dbo].[Donors] ([DonorId], [DonorFirstName], [DonorLastName], [DonorBirthday], [DonorAddress], [DonorPhone], [BloodTypeId]) VALUES (26, 'Shoshanna', 'D''Aeth', '05/12/1970', '37', '9345360818', '7');
INSERT INTO [dbo].[Donors] ([DonorId], [DonorFirstName], [DonorLastName], [DonorBirthday], [DonorAddress], [DonorPhone], [BloodTypeId]) VALUES (27, 'Wolfy', 'Tildesley', '10/20/1959', '51', '9231889094', '7');
INSERT INTO [dbo].[Donors] ([DonorId], [DonorFirstName], [DonorLastName], [DonorBirthday], [DonorAddress], [DonorPhone], [BloodTypeId]) VALUES (28, 'Gordan', 'Luparti', '02/15/1955', '16', '6045708297', '7');
INSERT INTO [dbo].[Donors] ([DonorId], [DonorFirstName], [DonorLastName], [DonorBirthday], [DonorAddress], [DonorPhone], [BloodTypeId]) VALUES (29, 'Kaila', 'Lovell', '04/20/1968', '64', '9718553241', '8');
INSERT INTO [dbo].[Donors] ([DonorId], [DonorFirstName], [DonorLastName], [DonorBirthday], [DonorAddress], [DonorPhone], [BloodTypeId]) VALUES (30, 'Galvin', 'Winchcomb', '08/27/1942', '78', '2518770517', '6');
INSERT INTO [dbo].[Donors] ([DonorId], [DonorFirstName], [DonorLastName], [DonorBirthday], [DonorAddress], [DonorPhone], [BloodTypeId]) VALUES (31, 'Elizabeth', 'Benkhe', '12/30/1943', '94', '3359193071', '8');
INSERT INTO [dbo].[Donors] ([DonorId], [DonorFirstName], [DonorLastName], [DonorBirthday], [DonorAddress], [DonorPhone], [BloodTypeId]) VALUES (32, 'Coraline', 'Ewington', '01/31/1946', '69', '8334436839', '8');
INSERT INTO [dbo].[Donors] ([DonorId], [DonorFirstName], [DonorLastName], [DonorBirthday], [DonorAddress], [DonorPhone], [BloodTypeId]) VALUES (33, 'Fonz', 'Ogbourne', '07/12/1968', '03', '3717550990', '7');
INSERT INTO [dbo].[Donors] ([DonorId], [DonorFirstName], [DonorLastName], [DonorBirthday], [DonorAddress], [DonorPhone], [BloodTypeId]) VALUES (34, 'Nickie', 'Sommerling', '11/27/1945', '45', '2999770066', '8');
INSERT INTO [dbo].[Donors] ([DonorId], [DonorFirstName], [DonorLastName], [DonorBirthday], [DonorAddress], [DonorPhone], [BloodTypeId]) VALUES (35, 'Ariel', 'Keeffe', '06/05/1953', '29', '6719081332', '6');
INSERT INTO [dbo].[Donors] ([DonorId], [DonorFirstName], [DonorLastName], [DonorBirthday], [DonorAddress], [DonorPhone], [BloodTypeId]) VALUES (36, 'Frannie', 'Kollatsch', '10/01/1956', '06', '7215995386', '8');
INSERT INTO [dbo].[Donors] ([DonorId], [DonorFirstName], [DonorLastName], [DonorBirthday], [DonorAddress], [DonorPhone], [BloodTypeId]) VALUES (37, 'Alyda', 'Laneham', '01/10/1954', '30', '9111876776', '7');
INSERT INTO [dbo].[Donors] ([DonorId], [DonorFirstName], [DonorLastName], [DonorBirthday], [DonorAddress], [DonorPhone], [BloodTypeId]) VALUES (38, 'Natala', 'Curnock', '07/24/1958', '67', '2878228074', '7');
INSERT INTO [dbo].[Donors] ([DonorId], [DonorFirstName], [DonorLastName], [DonorBirthday], [DonorAddress], [DonorPhone], [BloodTypeId]) VALUES (39, 'Clint', 'Calway', '10/28/1967', '19', '4041865099', '7');
INSERT INTO [dbo].[Donors] ([DonorId], [DonorFirstName], [DonorLastName], [DonorBirthday], [DonorAddress], [DonorPhone], [BloodTypeId]) VALUES (40, 'Augustine', 'Rawstorne', '08/02/1989', '61', '6701941752', '7');
INSERT INTO [dbo].[Donors] ([DonorId], [DonorFirstName], [DonorLastName], [DonorBirthday], [DonorAddress], [DonorPhone], [BloodTypeId]) VALUES (41, 'Roxi', 'Paraman', '07/27/1961', '30', '5844076122', '7');
INSERT INTO [dbo].[Donors] ([DonorId], [DonorFirstName], [DonorLastName], [DonorBirthday], [DonorAddress], [DonorPhone], [BloodTypeId]) VALUES (42, 'Krissie', 'Petricek', '08/16/1955', '84', '8284176024', '7');
INSERT INTO [dbo].[Donors] ([DonorId], [DonorFirstName], [DonorLastName], [DonorBirthday], [DonorAddress], [DonorPhone], [BloodTypeId]) VALUES (43, 'Ginnifer', 'Bails', '10/13/1953', '25', '3133722627', '7');
INSERT INTO [dbo].[Donors] ([DonorId], [DonorFirstName], [DonorLastName], [DonorBirthday], [DonorAddress], [DonorPhone], [BloodTypeId]) VALUES (44, 'Bink', 'Geroldi', '07/15/1982', '73', '6154314719', '7');
INSERT INTO [dbo].[Donors] ([DonorId], [DonorFirstName], [DonorLastName], [DonorBirthday], [DonorAddress], [DonorPhone], [BloodTypeId]) VALUES (45, 'Karleen', 'Collingridge', '03/16/1970', '97', '2353241712', '6');
INSERT INTO [dbo].[Donors] ([DonorId], [DonorFirstName], [DonorLastName], [DonorBirthday], [DonorAddress], [DonorPhone], [BloodTypeId]) VALUES (46, 'Henri', 'Cheese', '12/12/1984', '38', '7811639796', '5');
INSERT INTO [dbo].[Donors] ([DonorId], [DonorFirstName], [DonorLastName], [DonorBirthday], [DonorAddress], [DonorPhone], [BloodTypeId]) VALUES (47, 'Almire', 'Mandrake', '05/22/1974', '80', '4742211832', '8');
INSERT INTO [dbo].[Donors] ([DonorId], [DonorFirstName], [DonorLastName], [DonorBirthday], [DonorAddress], [DonorPhone], [BloodTypeId]) VALUES (48, 'Auroora', 'Pridden', '10/02/1972', '80', '3353967897', '8');
INSERT INTO [dbo].[Donors] ([DonorId], [DonorFirstName], [DonorLastName], [DonorBirthday], [DonorAddress], [DonorPhone], [BloodTypeId]) VALUES (49, 'Colene', 'Pelfer', '12/19/1982', '98', '9088656394', '6');
INSERT INTO [dbo].[Donors] ([DonorId], [DonorFirstName], [DonorLastName], [DonorBirthday], [DonorAddress], [DonorPhone], [BloodTypeId]) VALUES (50, 'Onofredo', 'Joire', '03/11/1953', '39', '9636580257', '8');
INSERT INTO [dbo].[Donors] ([DonorId], [DonorFirstName], [DonorLastName], [DonorBirthday], [DonorAddress], [DonorPhone], [BloodTypeId]) VALUES (51, 'Cecelia', 'Baffin', '09/08/1966', '24', '5209067107', '7');
INSERT INTO [dbo].[Donors] ([DonorId], [DonorFirstName], [DonorLastName], [DonorBirthday], [DonorAddress], [DonorPhone], [BloodTypeId]) VALUES (52, 'Umeko', 'Mitkin', '03/07/1954', '70', '5066340111', '8');
INSERT INTO [dbo].[Donors] ([DonorId], [DonorFirstName], [DonorLastName], [DonorBirthday], [DonorAddress], [DonorPhone], [BloodTypeId]) VALUES (53, 'Parker', 'Gasker', '10/05/1947', '84', '6646816167', '6');
INSERT INTO [dbo].[Donors] ([DonorId], [DonorFirstName], [DonorLastName], [DonorBirthday], [DonorAddress], [DonorPhone], [BloodTypeId]) VALUES (54, 'Hunt', 'Roome', '10/18/1953', '43', '4594719984', '7');
INSERT INTO [dbo].[Donors] ([DonorId], [DonorFirstName], [DonorLastName], [DonorBirthday], [DonorAddress], [DonorPhone], [BloodTypeId]) VALUES (55, 'Danica', 'Proby', '06/10/1954', '72', '2078743873', '8');
INSERT INTO [dbo].[Donors] ([DonorId], [DonorFirstName], [DonorLastName], [DonorBirthday], [DonorAddress], [DonorPhone], [BloodTypeId]) VALUES (56, 'Cherri', 'Cromar', '05/10/1986', '05', '5697823784', '8');
INSERT INTO [dbo].[Donors] ([DonorId], [DonorFirstName], [DonorLastName], [DonorBirthday], [DonorAddress], [DonorPhone], [BloodTypeId]) VALUES (57, 'Milicent', 'Escolme', '01/25/1955', '34', '1855573924', '8');
INSERT INTO [dbo].[Donors] ([DonorId], [DonorFirstName], [DonorLastName], [DonorBirthday], [DonorAddress], [DonorPhone], [BloodTypeId]) VALUES (58, 'Teressa', 'Livingston', '03/24/1985', '41', '2238526129', '6');
INSERT INTO [dbo].[Donors] ([DonorId], [DonorFirstName], [DonorLastName], [DonorBirthday], [DonorAddress], [DonorPhone], [BloodTypeId]) VALUES (59, 'Marillin', 'Winstone', '06/03/1947', '41', '4932169918', '8');
INSERT INTO [dbo].[Donors] ([DonorId], [DonorFirstName], [DonorLastName], [DonorBirthday], [DonorAddress], [DonorPhone], [BloodTypeId]) VALUES (60, 'Graeme', 'Root', '12/25/1981', '89', '7619851182', '8');
INSERT INTO [dbo].[Donors] ([DonorId], [DonorFirstName], [DonorLastName], [DonorBirthday], [DonorAddress], [DonorPhone], [BloodTypeId]) VALUES (61, 'Vanya', 'Pay', '02/19/1964', '80', '1707892434', '8');
INSERT INTO [dbo].[Donors] ([DonorId], [DonorFirstName], [DonorLastName], [DonorBirthday], [DonorAddress], [DonorPhone], [BloodTypeId]) VALUES (62, 'Leilah', 'Stollard', '01/31/1950', '72', '2446917015', '6');
INSERT INTO [dbo].[Donors] ([DonorId], [DonorFirstName], [DonorLastName], [DonorBirthday], [DonorAddress], [DonorPhone], [BloodTypeId]) VALUES (63, 'Cody', 'Wearden', '12/19/1944', '35', '7274755582', '6');
INSERT INTO [dbo].[Donors] ([DonorId], [DonorFirstName], [DonorLastName], [DonorBirthday], [DonorAddress], [DonorPhone], [BloodTypeId]) VALUES (64, 'Nessa', 'O'' Timony', '08/29/1954', '04', '3004319276', '8');
INSERT INTO [dbo].[Donors] ([DonorId], [DonorFirstName], [DonorLastName], [DonorBirthday], [DonorAddress], [DonorPhone], [BloodTypeId]) VALUES (65, 'Brandise', 'Duthie', '02/17/1947', '84', '8042533785', '4');
INSERT INTO [dbo].[Donors] ([DonorId], [DonorFirstName], [DonorLastName], [DonorBirthday], [DonorAddress], [DonorPhone], [BloodTypeId]) VALUES (66, 'Marybelle', 'Fransoni', '11/05/1972', '48', '7455849597', '4');
INSERT INTO [dbo].[Donors] ([DonorId], [DonorFirstName], [DonorLastName], [DonorBirthday], [DonorAddress], [DonorPhone], [BloodTypeId]) VALUES (67, 'Cally', 'Orans', '01/28/1941', '36', '8581802552', '8');
INSERT INTO [dbo].[Donors] ([DonorId], [DonorFirstName], [DonorLastName], [DonorBirthday], [DonorAddress], [DonorPhone], [BloodTypeId]) VALUES (68, 'Pinchas', 'Kupker', '07/17/1965', '47', '8676570537', '7');
INSERT INTO [dbo].[Donors] ([DonorId], [DonorFirstName], [DonorLastName], [DonorBirthday], [DonorAddress], [DonorPhone], [BloodTypeId]) VALUES (69, 'Hayes', 'Rzehorz', '11/04/1947', '57', '8676371323', '8');
INSERT INTO [dbo].[Donors] ([DonorId], [DonorFirstName], [DonorLastName], [DonorBirthday], [DonorAddress], [DonorPhone], [BloodTypeId]) VALUES (70, 'Emalia', 'Frank', '08/16/1961', '52', '6212694178', '8');
INSERT INTO [dbo].[Donors] ([DonorId], [DonorFirstName], [DonorLastName], [DonorBirthday], [DonorAddress], [DonorPhone], [BloodTypeId]) VALUES (71, 'Rani', 'Danbrook', '02/18/1961', '09', '9385602941', '6');
INSERT INTO [dbo].[Donors] ([DonorId], [DonorFirstName], [DonorLastName], [DonorBirthday], [DonorAddress], [DonorPhone], [BloodTypeId]) VALUES (72, 'Marcelia', 'Crippes', '11/22/1951', '09', '9552590679', '6');
INSERT INTO [dbo].[Donors] ([DonorId], [DonorFirstName], [DonorLastName], [DonorBirthday], [DonorAddress], [DonorPhone], [BloodTypeId]) VALUES (73, 'Lionel', 'Ksandra', '10/29/1944', '62', '2572470434', '8');
INSERT INTO [dbo].[Donors] ([DonorId], [DonorFirstName], [DonorLastName], [DonorBirthday], [DonorAddress], [DonorPhone], [BloodTypeId]) VALUES (74, 'Retha', 'Millican', '08/25/1965', '36', '8153452202', '8');
INSERT INTO [dbo].[Donors] ([DonorId], [DonorFirstName], [DonorLastName], [DonorBirthday], [DonorAddress], [DonorPhone], [BloodTypeId]) VALUES (75, 'Clare', 'Allott', '07/23/1971', '93', '5003141890', '1');
INSERT INTO [dbo].[Donors] ([DonorId], [DonorFirstName], [DonorLastName], [DonorBirthday], [DonorAddress], [DonorPhone], [BloodTypeId]) VALUES (76, 'Kellyann', 'Mercey', '03/13/1979', '23', '3021461740', '7');
INSERT INTO [dbo].[Donors] ([DonorId], [DonorFirstName], [DonorLastName], [DonorBirthday], [DonorAddress], [DonorPhone], [BloodTypeId]) VALUES (77, 'Jude', 'Morena', '09/12/1944', '36', '3538847729', '8');
INSERT INTO [dbo].[Donors] ([DonorId], [DonorFirstName], [DonorLastName], [DonorBirthday], [DonorAddress], [DonorPhone], [BloodTypeId]) VALUES (78, 'Cammy', 'Gapp', '07/21/1982', '05', '9241620560', '8');
INSERT INTO [dbo].[Donors] ([DonorId], [DonorFirstName], [DonorLastName], [DonorBirthday], [DonorAddress], [DonorPhone], [BloodTypeId]) VALUES (79, 'Tatiania', 'Ridgeway', '07/03/1979', '65', '3195277341', '8');
INSERT INTO [dbo].[Donors] ([DonorId], [DonorFirstName], [DonorLastName], [DonorBirthday], [DonorAddress], [DonorPhone], [BloodTypeId]) VALUES (80, 'Lazaro', 'Dain', '06/22/1959', '84', '3829659538', '7');
INSERT INTO [dbo].[Donors] ([DonorId], [DonorFirstName], [DonorLastName], [DonorBirthday], [DonorAddress], [DonorPhone], [BloodTypeId]) VALUES (81, 'Kaitlynn', 'Richter', '01/13/1958', '76', '4133394962', '8');
INSERT INTO [dbo].[Donors] ([DonorId], [DonorFirstName], [DonorLastName], [DonorBirthday], [DonorAddress], [DonorPhone], [BloodTypeId]) VALUES (82, 'Homere', 'Jedrysik', '11/04/1962', '93', '5075711160', '6');
INSERT INTO [dbo].[Donors] ([DonorId], [DonorFirstName], [DonorLastName], [DonorBirthday], [DonorAddress], [DonorPhone], [BloodTypeId]) VALUES (83, 'Florrie', 'Imloch', '10/04/1958', '27', '2358372106', '8');
INSERT INTO [dbo].[Donors] ([DonorId], [DonorFirstName], [DonorLastName], [DonorBirthday], [DonorAddress], [DonorPhone], [BloodTypeId]) VALUES (84, 'Charmaine', 'Rodden', '08/18/1944', '01', '1376004452', '8');
INSERT INTO [dbo].[Donors] ([DonorId], [DonorFirstName], [DonorLastName], [DonorBirthday], [DonorAddress], [DonorPhone], [BloodTypeId]) VALUES (85, 'Gladi', 'Sailor', '09/11/1955', '80', '3556335232', '7');
INSERT INTO [dbo].[Donors] ([DonorId], [DonorFirstName], [DonorLastName], [DonorBirthday], [DonorAddress], [DonorPhone], [BloodTypeId]) VALUES (86, 'Holly', 'Leimster', '02/16/1951', '35', '8455068020', '6');
INSERT INTO [dbo].[Donors] ([DonorId], [DonorFirstName], [DonorLastName], [DonorBirthday], [DonorAddress], [DonorPhone], [BloodTypeId]) VALUES (87, 'Raychel', 'Christiensen', '10/27/1984', '55', '1194146943', '8');
INSERT INTO [dbo].[Donors] ([DonorId], [DonorFirstName], [DonorLastName], [DonorBirthday], [DonorAddress], [DonorPhone], [BloodTypeId]) VALUES (88, 'Edwina', 'Jamieson', '06/10/1992', '33', '4491640205', '8');
INSERT INTO [dbo].[Donors] ([DonorId], [DonorFirstName], [DonorLastName], [DonorBirthday], [DonorAddress], [DonorPhone], [BloodTypeId]) VALUES (89, 'Marcelo', 'Codner', '11/13/1970', '20', '5006658340', '8');
INSERT INTO [dbo].[Donors] ([DonorId], [DonorFirstName], [DonorLastName], [DonorBirthday], [DonorAddress], [DonorPhone], [BloodTypeId]) VALUES (90, 'Hastings', 'Soigne', '02/11/1991', '51', '1428725039', '3');
INSERT INTO [dbo].[Donors] ([DonorId], [DonorFirstName], [DonorLastName], [DonorBirthday], [DonorAddress], [DonorPhone], [BloodTypeId]) VALUES (91, 'Magda', 'De Cristofalo', '08/16/1946', '05', '4242143177', '7');
INSERT INTO [dbo].[Donors] ([DonorId], [DonorFirstName], [DonorLastName], [DonorBirthday], [DonorAddress], [DonorPhone], [BloodTypeId]) VALUES (92, 'Brit', 'Cotty', '02/02/1964', '80', '7701064066', '7');
INSERT INTO [dbo].[Donors] ([DonorId], [DonorFirstName], [DonorLastName], [DonorBirthday], [DonorAddress], [DonorPhone], [BloodTypeId]) VALUES (93, 'Candi', 'Hubbins', '05/13/1969', '50', '7174169374', '8');
INSERT INTO [dbo].[Donors] ([DonorId], [DonorFirstName], [DonorLastName], [DonorBirthday], [DonorAddress], [DonorPhone], [BloodTypeId]) VALUES (94, 'Benny', 'Simic', '09/28/1981', '55', '9588854277', '8');
INSERT INTO [dbo].[Donors] ([DonorId], [DonorFirstName], [DonorLastName], [DonorBirthday], [DonorAddress], [DonorPhone], [BloodTypeId]) VALUES (95, 'Johnnie', 'Tillett', '05/05/1986', '36', '1929738458', '7');
INSERT INTO [dbo].[Donors] ([DonorId], [DonorFirstName], [DonorLastName], [DonorBirthday], [DonorAddress], [DonorPhone], [BloodTypeId]) VALUES (96, 'Jessamine', 'Prestland', '06/28/1953', '81', '3308895335', '8');
INSERT INTO [dbo].[Donors] ([DonorId], [DonorFirstName], [DonorLastName], [DonorBirthday], [DonorAddress], [DonorPhone], [BloodTypeId]) VALUES (97, 'Alley', 'Gorstidge', '07/16/1975', '95', '3964227853', '8');
INSERT INTO [dbo].[Donors] ([DonorId], [DonorFirstName], [DonorLastName], [DonorBirthday], [DonorAddress], [DonorPhone], [BloodTypeId]) VALUES (98, 'Gabriellia', 'Kynoch', '09/11/1989', '43', '7675130205', '8');
INSERT INTO [dbo].[Donors] ([DonorId], [DonorFirstName], [DonorLastName], [DonorBirthday], [DonorAddress], [DonorPhone], [BloodTypeId]) VALUES (99, 'Cathi', 'Benyon', '07/23/1956', '28', '9005454332', '8');
INSERT INTO [dbo].[Donors] ([DonorId], [DonorFirstName], [DonorLastName], [DonorBirthday], [DonorAddress], [DonorPhone], [BloodTypeId]) VALUES (100, 'Clemence', 'Manley', '05/14/1992', '17', '7982289618', '5');

GO
INSERT INTO [dbo].[BloodDeposit] ([UnitId], [UnitPrice], [UnitExpiryDate], [BloodTypeId]) VALUES (1, '573.40', '01/19/2021', '8');
INSERT INTO [dbo].[BloodDeposit] ([UnitId], [UnitPrice], [UnitExpiryDate], [BloodTypeId]) VALUES (2, '353.46', '09/12/2021', '7');
INSERT INTO [dbo].[BloodDeposit] ([UnitId], [UnitPrice], [UnitExpiryDate], [BloodTypeId]) VALUES (3, '642.74', '04/27/2021', '8');
INSERT INTO [dbo].[BloodDeposit] ([UnitId], [UnitPrice], [UnitExpiryDate], [BloodTypeId]) VALUES (4, '585.60', '01/14/2021', '8');
INSERT INTO [dbo].[BloodDeposit] ([UnitId], [UnitPrice], [UnitExpiryDate], [BloodTypeId]) VALUES (5, '421.33', '03/30/2021', '7');
INSERT INTO [dbo].[BloodDeposit] ([UnitId], [UnitPrice], [UnitExpiryDate], [BloodTypeId]) VALUES (6, '484.60', '01/11/2021', '8');
INSERT INTO [dbo].[BloodDeposit] ([UnitId], [UnitPrice], [UnitExpiryDate], [BloodTypeId]) VALUES (7, '605.59', '06/13/2021', '6');
INSERT INTO [dbo].[BloodDeposit] ([UnitId], [UnitPrice], [UnitExpiryDate], [BloodTypeId]) VALUES (8, '636.18', '01/17/2021', '8');
INSERT INTO [dbo].[BloodDeposit] ([UnitId], [UnitPrice], [UnitExpiryDate], [BloodTypeId]) VALUES (9, '567.36', '04/28/2021', '8');
INSERT INTO [dbo].[BloodDeposit] ([UnitId], [UnitPrice], [UnitExpiryDate], [BloodTypeId]) VALUES (10, '331.01', '07/23/2021', '8');
INSERT INTO [dbo].[BloodDeposit] ([UnitId], [UnitPrice], [UnitExpiryDate], [BloodTypeId]) VALUES (11, '519.54', '08/15/2021', '6');
INSERT INTO [dbo].[BloodDeposit] ([UnitId], [UnitPrice], [UnitExpiryDate], [BloodTypeId]) VALUES (12, '503.45', '08/23/2021', '2');
INSERT INTO [dbo].[BloodDeposit] ([UnitId], [UnitPrice], [UnitExpiryDate], [BloodTypeId]) VALUES (13, '369.53', '07/09/2021', '8');
INSERT INTO [dbo].[BloodDeposit] ([UnitId], [UnitPrice], [UnitExpiryDate], [BloodTypeId]) VALUES (14, '743.67', '11/14/2021', '8');
INSERT INTO [dbo].[BloodDeposit] ([UnitId], [UnitPrice], [UnitExpiryDate], [BloodTypeId]) VALUES (15, '395.83', '01/29/2021', '7');
INSERT INTO [dbo].[BloodDeposit] ([UnitId], [UnitPrice], [UnitExpiryDate], [BloodTypeId]) VALUES (16, '456.52', '10/24/2021', '8');
INSERT INTO [dbo].[BloodDeposit] ([UnitId], [UnitPrice], [UnitExpiryDate], [BloodTypeId]) VALUES (17, '373.48', '02/24/2021', '6');
INSERT INTO [dbo].[BloodDeposit] ([UnitId], [UnitPrice], [UnitExpiryDate], [BloodTypeId]) VALUES (18, '582.59', '01/05/2021', '4');
INSERT INTO [dbo].[BloodDeposit] ([UnitId], [UnitPrice], [UnitExpiryDate], [BloodTypeId]) VALUES (19, '655.66', '08/24/2021', '8');
INSERT INTO [dbo].[BloodDeposit] ([UnitId], [UnitPrice], [UnitExpiryDate], [BloodTypeId]) VALUES (20, '465.98', '03/08/2021', '6');
INSERT INTO [dbo].[BloodDeposit] ([UnitId], [UnitPrice], [UnitExpiryDate], [BloodTypeId]) VALUES (21, '441.93', '03/28/2021', '8');
INSERT INTO [dbo].[BloodDeposit] ([UnitId], [UnitPrice], [UnitExpiryDate], [BloodTypeId]) VALUES (22, '448.09', '11/30/2020', '6');
INSERT INTO [dbo].[BloodDeposit] ([UnitId], [UnitPrice], [UnitExpiryDate], [BloodTypeId]) VALUES (23, '576.60', '12/02/2020', '8');
INSERT INTO [dbo].[BloodDeposit] ([UnitId], [UnitPrice], [UnitExpiryDate], [BloodTypeId]) VALUES (24, '618.95', '09/11/2021', '8');
INSERT INTO [dbo].[BloodDeposit] ([UnitId], [UnitPrice], [UnitExpiryDate], [BloodTypeId]) VALUES (25, '390.38', '11/05/2021', '7');
INSERT INTO [dbo].[BloodDeposit] ([UnitId], [UnitPrice], [UnitExpiryDate], [BloodTypeId]) VALUES (26, '642.47', '03/12/2021', '7');
INSERT INTO [dbo].[BloodDeposit] ([UnitId], [UnitPrice], [UnitExpiryDate], [BloodTypeId]) VALUES (27, '464.03', '01/01/2021', '6');
INSERT INTO [dbo].[BloodDeposit] ([UnitId], [UnitPrice], [UnitExpiryDate], [BloodTypeId]) VALUES (28, '394.82', '12/03/2020', '6');
INSERT INTO [dbo].[BloodDeposit] ([UnitId], [UnitPrice], [UnitExpiryDate], [BloodTypeId]) VALUES (29, '562.13', '05/14/2021', '8');
INSERT INTO [dbo].[BloodDeposit] ([UnitId], [UnitPrice], [UnitExpiryDate], [BloodTypeId]) VALUES (30, '785.04', '09/20/2021', '8');
INSERT INTO [dbo].[BloodDeposit] ([UnitId], [UnitPrice], [UnitExpiryDate], [BloodTypeId]) VALUES (31, '771.00', '06/03/2021', '8');
INSERT INTO [dbo].[BloodDeposit] ([UnitId], [UnitPrice], [UnitExpiryDate], [BloodTypeId]) VALUES (32, '342.72', '05/07/2021', '7');
INSERT INTO [dbo].[BloodDeposit] ([UnitId], [UnitPrice], [UnitExpiryDate], [BloodTypeId]) VALUES (33, '610.82', '12/15/2020', '7');
INSERT INTO [dbo].[BloodDeposit] ([UnitId], [UnitPrice], [UnitExpiryDate], [BloodTypeId]) VALUES (34, '653.82', '04/11/2021', '8');
INSERT INTO [dbo].[BloodDeposit] ([UnitId], [UnitPrice], [UnitExpiryDate], [BloodTypeId]) VALUES (35, '761.71', '03/09/2021', '6');
INSERT INTO [dbo].[BloodDeposit] ([UnitId], [UnitPrice], [UnitExpiryDate], [BloodTypeId]) VALUES (36, '321.40', '10/06/2021', '7');
INSERT INTO [dbo].[BloodDeposit] ([UnitId], [UnitPrice], [UnitExpiryDate], [BloodTypeId]) VALUES (37, '430.08', '03/03/2021', '7');
INSERT INTO [dbo].[BloodDeposit] ([UnitId], [UnitPrice], [UnitExpiryDate], [BloodTypeId]) VALUES (38, '720.65', '04/30/2021', '8');
INSERT INTO [dbo].[BloodDeposit] ([UnitId], [UnitPrice], [UnitExpiryDate], [BloodTypeId]) VALUES (39, '600.56', '03/23/2021', '8');
INSERT INTO [dbo].[BloodDeposit] ([UnitId], [UnitPrice], [UnitExpiryDate], [BloodTypeId]) VALUES (40, '522.78', '01/19/2021', '6');
INSERT INTO [dbo].[BloodDeposit] ([UnitId], [UnitPrice], [UnitExpiryDate], [BloodTypeId]) VALUES (41, '461.86', '06/11/2021', '8');
INSERT INTO [dbo].[BloodDeposit] ([UnitId], [UnitPrice], [UnitExpiryDate], [BloodTypeId]) VALUES (42, '558.46', '10/22/2021', '6');
INSERT INTO [dbo].[BloodDeposit] ([UnitId], [UnitPrice], [UnitExpiryDate], [BloodTypeId]) VALUES (43, '772.90', '04/05/2021', '7');
INSERT INTO [dbo].[BloodDeposit] ([UnitId], [UnitPrice], [UnitExpiryDate], [BloodTypeId]) VALUES (44, '557.38', '05/17/2021', '5');
INSERT INTO [dbo].[BloodDeposit] ([UnitId], [UnitPrice], [UnitExpiryDate], [BloodTypeId]) VALUES (45, '500.10', '08/19/2021', '7');
INSERT INTO [dbo].[BloodDeposit] ([UnitId], [UnitPrice], [UnitExpiryDate], [BloodTypeId]) VALUES (46, '302.19', '05/06/2021', '8');
INSERT INTO [dbo].[BloodDeposit] ([UnitId], [UnitPrice], [UnitExpiryDate], [BloodTypeId]) VALUES (47, '766.26', '01/27/2021', '4');
INSERT INTO [dbo].[BloodDeposit] ([UnitId], [UnitPrice], [UnitExpiryDate], [BloodTypeId]) VALUES (48, '632.89', '08/05/2021', '8');
INSERT INTO [dbo].[BloodDeposit] ([UnitId], [UnitPrice], [UnitExpiryDate], [BloodTypeId]) VALUES (49, '647.64', '08/16/2021', '6');
INSERT INTO [dbo].[BloodDeposit] ([UnitId], [UnitPrice], [UnitExpiryDate], [BloodTypeId]) VALUES (50, '370.37', '03/20/2021', '7');
INSERT INTO [dbo].[BloodDeposit] ([UnitId], [UnitPrice], [UnitExpiryDate], [BloodTypeId]) VALUES (51, '437.49', '05/31/2021', '7');
INSERT INTO [dbo].[BloodDeposit] ([UnitId], [UnitPrice], [UnitExpiryDate], [BloodTypeId]) VALUES (52, '516.96', '01/16/2021', '8');
INSERT INTO [dbo].[BloodDeposit] ([UnitId], [UnitPrice], [UnitExpiryDate], [BloodTypeId]) VALUES (53, '532.00', '07/26/2021', '8');
INSERT INTO [dbo].[BloodDeposit] ([UnitId], [UnitPrice], [UnitExpiryDate], [BloodTypeId]) VALUES (54, '769.90', '06/13/2021', '8');
INSERT INTO [dbo].[BloodDeposit] ([UnitId], [UnitPrice], [UnitExpiryDate], [BloodTypeId]) VALUES (55, '587.79', '12/25/2020', '5');
INSERT INTO [dbo].[BloodDeposit] ([UnitId], [UnitPrice], [UnitExpiryDate], [BloodTypeId]) VALUES (56, '761.74', '09/18/2021', '6');
INSERT INTO [dbo].[BloodDeposit] ([UnitId], [UnitPrice], [UnitExpiryDate], [BloodTypeId]) VALUES (57, '549.39', '06/26/2021', '7');
INSERT INTO [dbo].[BloodDeposit] ([UnitId], [UnitPrice], [UnitExpiryDate], [BloodTypeId]) VALUES (58, '329.45', '09/28/2021', '6');
INSERT INTO [dbo].[BloodDeposit] ([UnitId], [UnitPrice], [UnitExpiryDate], [BloodTypeId]) VALUES (59, '336.85', '08/07/2021', '6');
INSERT INTO [dbo].[BloodDeposit] ([UnitId], [UnitPrice], [UnitExpiryDate], [BloodTypeId]) VALUES (60, '798.09', '06/08/2021', '8');
INSERT INTO [dbo].[BloodDeposit] ([UnitId], [UnitPrice], [UnitExpiryDate], [BloodTypeId]) VALUES (61, '676.65', '03/01/2021', '8');
INSERT INTO [dbo].[BloodDeposit] ([UnitId], [UnitPrice], [UnitExpiryDate], [BloodTypeId]) VALUES (62, '779.51', '03/31/2021', '5');
INSERT INTO [dbo].[BloodDeposit] ([UnitId], [UnitPrice], [UnitExpiryDate], [BloodTypeId]) VALUES (63, '601.46', '09/24/2021', '8');
INSERT INTO [dbo].[BloodDeposit] ([UnitId], [UnitPrice], [UnitExpiryDate], [BloodTypeId]) VALUES (64, '490.96', '08/19/2021', '3');
INSERT INTO [dbo].[BloodDeposit] ([UnitId], [UnitPrice], [UnitExpiryDate], [BloodTypeId]) VALUES (65, '305.91', '07/11/2021', '8');
INSERT INTO [dbo].[BloodDeposit] ([UnitId], [UnitPrice], [UnitExpiryDate], [BloodTypeId]) VALUES (66, '730.90', '01/03/2021', '6');
INSERT INTO [dbo].[BloodDeposit] ([UnitId], [UnitPrice], [UnitExpiryDate], [BloodTypeId]) VALUES (67, '739.36', '08/23/2021', '7');
INSERT INTO [dbo].[BloodDeposit] ([UnitId], [UnitPrice], [UnitExpiryDate], [BloodTypeId]) VALUES (68, '348.43', '04/15/2021', '2');
INSERT INTO [dbo].[BloodDeposit] ([UnitId], [UnitPrice], [UnitExpiryDate], [BloodTypeId]) VALUES (69, '372.85', '08/05/2021', '8');
INSERT INTO [dbo].[BloodDeposit] ([UnitId], [UnitPrice], [UnitExpiryDate], [BloodTypeId]) VALUES (70, '442.16', '11/29/2020', '8');
INSERT INTO [dbo].[BloodDeposit] ([UnitId], [UnitPrice], [UnitExpiryDate], [BloodTypeId]) VALUES (71, '547.39', '06/20/2021', '8');
INSERT INTO [dbo].[BloodDeposit] ([UnitId], [UnitPrice], [UnitExpiryDate], [BloodTypeId]) VALUES (72, '567.35', '06/03/2021', '6');
INSERT INTO [dbo].[BloodDeposit] ([UnitId], [UnitPrice], [UnitExpiryDate], [BloodTypeId]) VALUES (73, '726.66', '09/22/2021', '7');
INSERT INTO [dbo].[BloodDeposit] ([UnitId], [UnitPrice], [UnitExpiryDate], [BloodTypeId]) VALUES (74, '769.45', '05/11/2021', '8');
INSERT INTO [dbo].[BloodDeposit] ([UnitId], [UnitPrice], [UnitExpiryDate], [BloodTypeId]) VALUES (75, '392.27', '10/13/2021', '5');
INSERT INTO [dbo].[BloodDeposit] ([UnitId], [UnitPrice], [UnitExpiryDate], [BloodTypeId]) VALUES (76, '322.22', '07/28/2021', '8');
INSERT INTO [dbo].[BloodDeposit] ([UnitId], [UnitPrice], [UnitExpiryDate], [BloodTypeId]) VALUES (77, '324.72', '04/06/2021', '7');
INSERT INTO [dbo].[BloodDeposit] ([UnitId], [UnitPrice], [UnitExpiryDate], [BloodTypeId]) VALUES (78, '558.35', '06/13/2021', '5');
INSERT INTO [dbo].[BloodDeposit] ([UnitId], [UnitPrice], [UnitExpiryDate], [BloodTypeId]) VALUES (79, '686.55', '02/01/2021', '8');
INSERT INTO [dbo].[BloodDeposit] ([UnitId], [UnitPrice], [UnitExpiryDate], [BloodTypeId]) VALUES (80, '369.43', '12/04/2020', '8');
INSERT INTO [dbo].[BloodDeposit] ([UnitId], [UnitPrice], [UnitExpiryDate], [BloodTypeId]) VALUES (81, '703.39', '04/05/2021', '5');
INSERT INTO [dbo].[BloodDeposit] ([UnitId], [UnitPrice], [UnitExpiryDate], [BloodTypeId]) VALUES (82, '370.27', '01/12/2021', '8');
INSERT INTO [dbo].[BloodDeposit] ([UnitId], [UnitPrice], [UnitExpiryDate], [BloodTypeId]) VALUES (83, '351.15', '09/05/2021', '7');
INSERT INTO [dbo].[BloodDeposit] ([UnitId], [UnitPrice], [UnitExpiryDate], [BloodTypeId]) VALUES (84, '486.66', '01/10/2021', '8');
INSERT INTO [dbo].[BloodDeposit] ([UnitId], [UnitPrice], [UnitExpiryDate], [BloodTypeId]) VALUES (85, '707.79', '10/14/2021', '7');
INSERT INTO [dbo].[BloodDeposit] ([UnitId], [UnitPrice], [UnitExpiryDate], [BloodTypeId]) VALUES (86, '511.18', '10/07/2021', '8');
INSERT INTO [dbo].[BloodDeposit] ([UnitId], [UnitPrice], [UnitExpiryDate], [BloodTypeId]) VALUES (87, '615.21', '06/25/2021', '4');
INSERT INTO [dbo].[BloodDeposit] ([UnitId], [UnitPrice], [UnitExpiryDate], [BloodTypeId]) VALUES (88, '750.97', '09/10/2021', '8');
INSERT INTO [dbo].[BloodDeposit] ([UnitId], [UnitPrice], [UnitExpiryDate], [BloodTypeId]) VALUES (89, '733.18', '09/27/2021', '8');
INSERT INTO [dbo].[BloodDeposit] ([UnitId], [UnitPrice], [UnitExpiryDate], [BloodTypeId]) VALUES (90, '683.69', '01/27/2021', '8');
INSERT INTO [dbo].[BloodDeposit] ([UnitId], [UnitPrice], [UnitExpiryDate], [BloodTypeId]) VALUES (91, '504.18', '09/23/2021', '8');
INSERT INTO [dbo].[BloodDeposit] ([UnitId], [UnitPrice], [UnitExpiryDate], [BloodTypeId]) VALUES (92, '781.69', '07/04/2021', '8');
INSERT INTO [dbo].[BloodDeposit] ([UnitId], [UnitPrice], [UnitExpiryDate], [BloodTypeId]) VALUES (93, '620.18', '12/28/2020', '6');
INSERT INTO [dbo].[BloodDeposit] ([UnitId], [UnitPrice], [UnitExpiryDate], [BloodTypeId]) VALUES (94, '624.74', '08/20/2021', '8');
INSERT INTO [dbo].[BloodDeposit] ([UnitId], [UnitPrice], [UnitExpiryDate], [BloodTypeId]) VALUES (95, '762.23', '01/12/2021', '7');
INSERT INTO [dbo].[BloodDeposit] ([UnitId], [UnitPrice], [UnitExpiryDate], [BloodTypeId]) VALUES (96, '535.58', '07/20/2021', '7');
INSERT INTO [dbo].[BloodDeposit] ([UnitId], [UnitPrice], [UnitExpiryDate], [BloodTypeId]) VALUES (97, '708.32', '06/18/2021', '6');
INSERT INTO [dbo].[BloodDeposit] ([UnitId], [UnitPrice], [UnitExpiryDate], [BloodTypeId]) VALUES (98, '538.99', '05/17/2021', '7');
INSERT INTO [dbo].[BloodDeposit] ([UnitId], [UnitPrice], [UnitExpiryDate], [BloodTypeId]) VALUES (99, '322.39', '05/11/2021', '8');
INSERT INTO [dbo].[BloodDeposit] ([UnitId], [UnitPrice], [UnitExpiryDate], [BloodTypeId]) VALUES (100, '702.96', '03/29/2021', '8');

GO




INSERT INTO [dbo].[BloodWithdrawals] ([BloodWithdrawalId], [BloodWithdrawalDate], [TransactionValue], [UnitQuantity], [ClientId]) VALUES (1, '12/23/2019', '892.00', 2, '16');
INSERT INTO [dbo].[BloodWithdrawals] ([BloodWithdrawalId], [BloodWithdrawalDate], [TransactionValue], [UnitQuantity], [ClientId]) VALUES (2, '3/21/2020', '794.60', 2, '63');
INSERT INTO [dbo].[BloodWithdrawals] ([BloodWithdrawalId], [BloodWithdrawalDate], [TransactionValue], [UnitQuantity], [ClientId]) VALUES (3, '4/22/2020', '805.85', 1, '09');
INSERT INTO [dbo].[BloodWithdrawals] ([BloodWithdrawalId], [BloodWithdrawalDate], [TransactionValue], [UnitQuantity], [ClientId]) VALUES (4, '9/23/2020', '989.01', 1, '18');
INSERT INTO [dbo].[BloodWithdrawals] ([BloodWithdrawalId], [BloodWithdrawalDate], [TransactionValue], [UnitQuantity], [ClientId]) VALUES (5, '7/23/2020', '359.73', 2, '26');
INSERT INTO [dbo].[BloodWithdrawals] ([BloodWithdrawalId], [BloodWithdrawalDate], [TransactionValue], [UnitQuantity], [ClientId]) VALUES (6, '6/8/2020', '421.19', 1, '73');
INSERT INTO [dbo].[BloodWithdrawals] ([BloodWithdrawalId], [BloodWithdrawalDate], [TransactionValue], [UnitQuantity], [ClientId]) VALUES (7, '4/19/2020', '692.95', 2, '48');
INSERT INTO [dbo].[BloodWithdrawals] ([BloodWithdrawalId], [BloodWithdrawalDate], [TransactionValue], [UnitQuantity], [ClientId]) VALUES (8, '1/6/2020', '432.94', 2, '67');
INSERT INTO [dbo].[BloodWithdrawals] ([BloodWithdrawalId], [BloodWithdrawalDate], [TransactionValue], [UnitQuantity], [ClientId]) VALUES (9, '2/23/2020', '954.70', 2, '41');
INSERT INTO [dbo].[BloodWithdrawals] ([BloodWithdrawalId], [BloodWithdrawalDate], [TransactionValue], [UnitQuantity], [ClientId]) VALUES (10, '5/13/2020', '591.96', 1, '07');
INSERT INTO [dbo].[BloodWithdrawals] ([BloodWithdrawalId], [BloodWithdrawalDate], [TransactionValue], [UnitQuantity], [ClientId]) VALUES (11, '12/20/2019', '665.73', 2, '100');
INSERT INTO [dbo].[BloodWithdrawals] ([BloodWithdrawalId], [BloodWithdrawalDate], [TransactionValue], [UnitQuantity], [ClientId]) VALUES (12, '11/17/2020', '705.16', 1, '62');
INSERT INTO [dbo].[BloodWithdrawals] ([BloodWithdrawalId], [BloodWithdrawalDate], [TransactionValue], [UnitQuantity], [ClientId]) VALUES (13, '11/27/2019', '964.88', 1, '24');
INSERT INTO [dbo].[BloodWithdrawals] ([BloodWithdrawalId], [BloodWithdrawalDate], [TransactionValue], [UnitQuantity], [ClientId]) VALUES (14, '3/25/2020', '439.80', 2, '62');
INSERT INTO [dbo].[BloodWithdrawals] ([BloodWithdrawalId], [BloodWithdrawalDate], [TransactionValue], [UnitQuantity], [ClientId]) VALUES (15, '5/2/2020', '539.00', 1, '63');
INSERT INTO [dbo].[BloodWithdrawals] ([BloodWithdrawalId], [BloodWithdrawalDate], [TransactionValue], [UnitQuantity], [ClientId]) VALUES (16, '5/27/2020', '640.62', 2, '20');
INSERT INTO [dbo].[BloodWithdrawals] ([BloodWithdrawalId], [BloodWithdrawalDate], [TransactionValue], [UnitQuantity], [ClientId]) VALUES (17, '6/12/2020', '821.80', 1, '12');
INSERT INTO [dbo].[BloodWithdrawals] ([BloodWithdrawalId], [BloodWithdrawalDate], [TransactionValue], [UnitQuantity], [ClientId]) VALUES (18, '1/18/2020', '811.23', 1, '58');
INSERT INTO [dbo].[BloodWithdrawals] ([BloodWithdrawalId], [BloodWithdrawalDate], [TransactionValue], [UnitQuantity], [ClientId]) VALUES (19, '3/13/2020', '683.48', 2, '41');
INSERT INTO [dbo].[BloodWithdrawals] ([BloodWithdrawalId], [BloodWithdrawalDate], [TransactionValue], [UnitQuantity], [ClientId]) VALUES (20, '8/8/2020', '399.22', 2, '97');
INSERT INTO [dbo].[BloodWithdrawals] ([BloodWithdrawalId], [BloodWithdrawalDate], [TransactionValue], [UnitQuantity], [ClientId]) VALUES (21, '11/8/2020', '528.64', 1, '60');
INSERT INTO [dbo].[BloodWithdrawals] ([BloodWithdrawalId], [BloodWithdrawalDate], [TransactionValue], [UnitQuantity], [ClientId]) VALUES (22, '2/9/2020', '423.86', 1, '95');
INSERT INTO [dbo].[BloodWithdrawals] ([BloodWithdrawalId], [BloodWithdrawalDate], [TransactionValue], [UnitQuantity], [ClientId]) VALUES (23, '10/25/2020', '354.22', 1, '43');
INSERT INTO [dbo].[BloodWithdrawals] ([BloodWithdrawalId], [BloodWithdrawalDate], [TransactionValue], [UnitQuantity], [ClientId]) VALUES (24, '10/7/2020', '320.97', 1, '13');
INSERT INTO [dbo].[BloodWithdrawals] ([BloodWithdrawalId], [BloodWithdrawalDate], [TransactionValue], [UnitQuantity], [ClientId]) VALUES (25, '4/18/2020', '670.21', 1, '85');
INSERT INTO [dbo].[BloodWithdrawals] ([BloodWithdrawalId], [BloodWithdrawalDate], [TransactionValue], [UnitQuantity], [ClientId]) VALUES (26, '10/6/2020', '959.83', 1, '88');
INSERT INTO [dbo].[BloodWithdrawals] ([BloodWithdrawalId], [BloodWithdrawalDate], [TransactionValue], [UnitQuantity], [ClientId]) VALUES (27, '4/12/2020', '384.11', 1, '64');
INSERT INTO [dbo].[BloodWithdrawals] ([BloodWithdrawalId], [BloodWithdrawalDate], [TransactionValue], [UnitQuantity], [ClientId]) VALUES (28, '8/9/2020', '501.64', 1, '51');
INSERT INTO [dbo].[BloodWithdrawals] ([BloodWithdrawalId], [BloodWithdrawalDate], [TransactionValue], [UnitQuantity], [ClientId]) VALUES (29, '1/3/2020', '753.87', 1, '51');
INSERT INTO [dbo].[BloodWithdrawals] ([BloodWithdrawalId], [BloodWithdrawalDate], [TransactionValue], [UnitQuantity], [ClientId]) VALUES (30, '12/30/2019', '531.92', 1, '90');
INSERT INTO [dbo].[BloodWithdrawals] ([BloodWithdrawalId], [BloodWithdrawalDate], [TransactionValue], [UnitQuantity], [ClientId]) VALUES (31, '3/21/2020', '493.36', 1, '74');
INSERT INTO [dbo].[BloodWithdrawals] ([BloodWithdrawalId], [BloodWithdrawalDate], [TransactionValue], [UnitQuantity], [ClientId]) VALUES (32, '4/4/2020', '710.71', 1, '19');
INSERT INTO [dbo].[BloodWithdrawals] ([BloodWithdrawalId], [BloodWithdrawalDate], [TransactionValue], [UnitQuantity], [ClientId]) VALUES (33, '8/7/2020', '940.15', 1, '07');
INSERT INTO [dbo].[BloodWithdrawals] ([BloodWithdrawalId], [BloodWithdrawalDate], [TransactionValue], [UnitQuantity], [ClientId]) VALUES (34, '11/11/2020', '793.75', 2, '11');
INSERT INTO [dbo].[BloodWithdrawals] ([BloodWithdrawalId], [BloodWithdrawalDate], [TransactionValue], [UnitQuantity], [ClientId]) VALUES (35, '11/18/2020', '706.37', 1, '53');
INSERT INTO [dbo].[BloodWithdrawals] ([BloodWithdrawalId], [BloodWithdrawalDate], [TransactionValue], [UnitQuantity], [ClientId]) VALUES (36, '10/11/2020', '780.37', 2, '07');
INSERT INTO [dbo].[BloodWithdrawals] ([BloodWithdrawalId], [BloodWithdrawalDate], [TransactionValue], [UnitQuantity], [ClientId]) VALUES (37, '5/27/2020', '961.40', 2, '52');
INSERT INTO [dbo].[BloodWithdrawals] ([BloodWithdrawalId], [BloodWithdrawalDate], [TransactionValue], [UnitQuantity], [ClientId]) VALUES (38, '4/12/2020', '752.01', 2, '26');
INSERT INTO [dbo].[BloodWithdrawals] ([BloodWithdrawalId], [BloodWithdrawalDate], [TransactionValue], [UnitQuantity], [ClientId]) VALUES (39, '8/3/2020', '998.57', 1, '14');
INSERT INTO [dbo].[BloodWithdrawals] ([BloodWithdrawalId], [BloodWithdrawalDate], [TransactionValue], [UnitQuantity], [ClientId]) VALUES (40, '8/25/2020', '610.24', 2, '98');
INSERT INTO [dbo].[BloodWithdrawals] ([BloodWithdrawalId], [BloodWithdrawalDate], [TransactionValue], [UnitQuantity], [ClientId]) VALUES (41, '3/20/2020', '710.77', 1, '93');
INSERT INTO [dbo].[BloodWithdrawals] ([BloodWithdrawalId], [BloodWithdrawalDate], [TransactionValue], [UnitQuantity], [ClientId]) VALUES (42, '6/7/2020', '599.15', 2, '77');
INSERT INTO [dbo].[BloodWithdrawals] ([BloodWithdrawalId], [BloodWithdrawalDate], [TransactionValue], [UnitQuantity], [ClientId]) VALUES (43, '8/11/2020', '963.01', 2, '36');
INSERT INTO [dbo].[BloodWithdrawals] ([BloodWithdrawalId], [BloodWithdrawalDate], [TransactionValue], [UnitQuantity], [ClientId]) VALUES (44, '8/9/2020', '843.32', 2, '26');
INSERT INTO [dbo].[BloodWithdrawals] ([BloodWithdrawalId], [BloodWithdrawalDate], [TransactionValue], [UnitQuantity], [ClientId]) VALUES (45, '11/2/2020', '919.49', 2, '52');
INSERT INTO [dbo].[BloodWithdrawals] ([BloodWithdrawalId], [BloodWithdrawalDate], [TransactionValue], [UnitQuantity], [ClientId]) VALUES (46, '7/31/2020', '789.51', 2, '65');
INSERT INTO [dbo].[BloodWithdrawals] ([BloodWithdrawalId], [BloodWithdrawalDate], [TransactionValue], [UnitQuantity], [ClientId]) VALUES (47, '3/24/2020', '944.45', 1, '80');
INSERT INTO [dbo].[BloodWithdrawals] ([BloodWithdrawalId], [BloodWithdrawalDate], [TransactionValue], [UnitQuantity], [ClientId]) VALUES (48, '5/15/2020', '508.36', 2, '04');
INSERT INTO [dbo].[BloodWithdrawals] ([BloodWithdrawalId], [BloodWithdrawalDate], [TransactionValue], [UnitQuantity], [ClientId]) VALUES (49, '12/4/2019', '863.65', 2, '05');
INSERT INTO [dbo].[BloodWithdrawals] ([BloodWithdrawalId], [BloodWithdrawalDate], [TransactionValue], [UnitQuantity], [ClientId]) VALUES (50, '12/15/2019', '503.75', 2, '78');
INSERT INTO [dbo].[BloodWithdrawals] ([BloodWithdrawalId], [BloodWithdrawalDate], [TransactionValue], [UnitQuantity], [ClientId]) VALUES (51, '7/3/2020', '901.95', 2, '24');
INSERT INTO [dbo].[BloodWithdrawals] ([BloodWithdrawalId], [BloodWithdrawalDate], [TransactionValue], [UnitQuantity], [ClientId]) VALUES (52, '2/27/2020', '319.32', 2, '45');
INSERT INTO [dbo].[BloodWithdrawals] ([BloodWithdrawalId], [BloodWithdrawalDate], [TransactionValue], [UnitQuantity], [ClientId]) VALUES (53, '7/17/2020', '552.16', 2, '44');
INSERT INTO [dbo].[BloodWithdrawals] ([BloodWithdrawalId], [BloodWithdrawalDate], [TransactionValue], [UnitQuantity], [ClientId]) VALUES (54, '11/20/2019', '899.08', 1, '49');
INSERT INTO [dbo].[BloodWithdrawals] ([BloodWithdrawalId], [BloodWithdrawalDate], [TransactionValue], [UnitQuantity], [ClientId]) VALUES (55, '6/1/2020', '613.07', 2, '71');
INSERT INTO [dbo].[BloodWithdrawals] ([BloodWithdrawalId], [BloodWithdrawalDate], [TransactionValue], [UnitQuantity], [ClientId]) VALUES (56, '3/6/2020', '858.92', 2, '08');
INSERT INTO [dbo].[BloodWithdrawals] ([BloodWithdrawalId], [BloodWithdrawalDate], [TransactionValue], [UnitQuantity], [ClientId]) VALUES (57, '7/8/2020', '904.03', 2, '23');
INSERT INTO [dbo].[BloodWithdrawals] ([BloodWithdrawalId], [BloodWithdrawalDate], [TransactionValue], [UnitQuantity], [ClientId]) VALUES (58, '10/25/2020', '802.19', 2, '66');
INSERT INTO [dbo].[BloodWithdrawals] ([BloodWithdrawalId], [BloodWithdrawalDate], [TransactionValue], [UnitQuantity], [ClientId]) VALUES (59, '3/29/2020', '556.95', 2, '81');
INSERT INTO [dbo].[BloodWithdrawals] ([BloodWithdrawalId], [BloodWithdrawalDate], [TransactionValue], [UnitQuantity], [ClientId]) VALUES (60, '2/16/2020', '325.44', 2, '87');
INSERT INTO [dbo].[BloodWithdrawals] ([BloodWithdrawalId], [BloodWithdrawalDate], [TransactionValue], [UnitQuantity], [ClientId]) VALUES (61, '11/22/2019', '873.41', 1, '12');
INSERT INTO [dbo].[BloodWithdrawals] ([BloodWithdrawalId], [BloodWithdrawalDate], [TransactionValue], [UnitQuantity], [ClientId]) VALUES (62, '4/12/2020', '805.79', 2, '08');
INSERT INTO [dbo].[BloodWithdrawals] ([BloodWithdrawalId], [BloodWithdrawalDate], [TransactionValue], [UnitQuantity], [ClientId]) VALUES (63, '8/16/2020', '688.58', 1, '44');
INSERT INTO [dbo].[BloodWithdrawals] ([BloodWithdrawalId], [BloodWithdrawalDate], [TransactionValue], [UnitQuantity], [ClientId]) VALUES (64, '4/29/2020', '929.30', 2, '36');
INSERT INTO [dbo].[BloodWithdrawals] ([BloodWithdrawalId], [BloodWithdrawalDate], [TransactionValue], [UnitQuantity], [ClientId]) VALUES (65, '9/19/2020', '424.67', 1, '35');
INSERT INTO [dbo].[BloodWithdrawals] ([BloodWithdrawalId], [BloodWithdrawalDate], [TransactionValue], [UnitQuantity], [ClientId]) VALUES (66, '1/9/2020', '347.27', 2, '11');
INSERT INTO [dbo].[BloodWithdrawals] ([BloodWithdrawalId], [BloodWithdrawalDate], [TransactionValue], [UnitQuantity], [ClientId]) VALUES (67, '12/30/2019', '638.15', 1, '31');
INSERT INTO [dbo].[BloodWithdrawals] ([BloodWithdrawalId], [BloodWithdrawalDate], [TransactionValue], [UnitQuantity], [ClientId]) VALUES (68, '7/1/2020', '683.34', 2, '70');
INSERT INTO [dbo].[BloodWithdrawals] ([BloodWithdrawalId], [BloodWithdrawalDate], [TransactionValue], [UnitQuantity], [ClientId]) VALUES (69, '7/28/2020', '567.00', 1, '56');
INSERT INTO [dbo].[BloodWithdrawals] ([BloodWithdrawalId], [BloodWithdrawalDate], [TransactionValue], [UnitQuantity], [ClientId]) VALUES (70, '11/9/2020', '649.04', 2, '04');
INSERT INTO [dbo].[BloodWithdrawals] ([BloodWithdrawalId], [BloodWithdrawalDate], [TransactionValue], [UnitQuantity], [ClientId]) VALUES (71, '11/22/2019', '488.66', 1, '65');
INSERT INTO [dbo].[BloodWithdrawals] ([BloodWithdrawalId], [BloodWithdrawalDate], [TransactionValue], [UnitQuantity], [ClientId]) VALUES (72, '10/2/2020', '867.00', 1, '05');
INSERT INTO [dbo].[BloodWithdrawals] ([BloodWithdrawalId], [BloodWithdrawalDate], [TransactionValue], [UnitQuantity], [ClientId]) VALUES (73, '10/17/2020', '822.09', 1, '40');
INSERT INTO [dbo].[BloodWithdrawals] ([BloodWithdrawalId], [BloodWithdrawalDate], [TransactionValue], [UnitQuantity], [ClientId]) VALUES (74, '1/22/2020', '758.58', 2, '03');
INSERT INTO [dbo].[BloodWithdrawals] ([BloodWithdrawalId], [BloodWithdrawalDate], [TransactionValue], [UnitQuantity], [ClientId]) VALUES (75, '12/5/2019', '649.74', 1, '09');
INSERT INTO [dbo].[BloodWithdrawals] ([BloodWithdrawalId], [BloodWithdrawalDate], [TransactionValue], [UnitQuantity], [ClientId]) VALUES (76, '7/20/2020', '342.73', 2, '43');
INSERT INTO [dbo].[BloodWithdrawals] ([BloodWithdrawalId], [BloodWithdrawalDate], [TransactionValue], [UnitQuantity], [ClientId]) VALUES (77, '6/17/2020', '473.14', 1, '43');
INSERT INTO [dbo].[BloodWithdrawals] ([BloodWithdrawalId], [BloodWithdrawalDate], [TransactionValue], [UnitQuantity], [ClientId]) VALUES (78, '6/12/2020', '618.22', 1, '30');
INSERT INTO [dbo].[BloodWithdrawals] ([BloodWithdrawalId], [BloodWithdrawalDate], [TransactionValue], [UnitQuantity], [ClientId]) VALUES (79, '4/3/2020', '985.62', 1, '15');
INSERT INTO [dbo].[BloodWithdrawals] ([BloodWithdrawalId], [BloodWithdrawalDate], [TransactionValue], [UnitQuantity], [ClientId]) VALUES (80, '12/27/2019', '627.26', 2, '88');
INSERT INTO [dbo].[BloodWithdrawals] ([BloodWithdrawalId], [BloodWithdrawalDate], [TransactionValue], [UnitQuantity], [ClientId]) VALUES (81, '7/18/2020', '438.41', 2, '63');
INSERT INTO [dbo].[BloodWithdrawals] ([BloodWithdrawalId], [BloodWithdrawalDate], [TransactionValue], [UnitQuantity], [ClientId]) VALUES (82, '3/13/2020', '491.40', 1, '59');
INSERT INTO [dbo].[BloodWithdrawals] ([BloodWithdrawalId], [BloodWithdrawalDate], [TransactionValue], [UnitQuantity], [ClientId]) VALUES (83, '12/5/2019', '827.82', 2, '70');
INSERT INTO [dbo].[BloodWithdrawals] ([BloodWithdrawalId], [BloodWithdrawalDate], [TransactionValue], [UnitQuantity], [ClientId]) VALUES (84, '9/7/2020', '769.32', 1, '28');
INSERT INTO [dbo].[BloodWithdrawals] ([BloodWithdrawalId], [BloodWithdrawalDate], [TransactionValue], [UnitQuantity], [ClientId]) VALUES (85, '4/28/2020', '754.63', 2, '53');
INSERT INTO [dbo].[BloodWithdrawals] ([BloodWithdrawalId], [BloodWithdrawalDate], [TransactionValue], [UnitQuantity], [ClientId]) VALUES (86, '11/19/2020', '983.41', 2, '28');
INSERT INTO [dbo].[BloodWithdrawals] ([BloodWithdrawalId], [BloodWithdrawalDate], [TransactionValue], [UnitQuantity], [ClientId]) VALUES (87, '7/24/2020', '588.50', 1, '97');
INSERT INTO [dbo].[BloodWithdrawals] ([BloodWithdrawalId], [BloodWithdrawalDate], [TransactionValue], [UnitQuantity], [ClientId]) VALUES (88, '5/31/2020', '951.72', 2, '56');
INSERT INTO [dbo].[BloodWithdrawals] ([BloodWithdrawalId], [BloodWithdrawalDate], [TransactionValue], [UnitQuantity], [ClientId]) VALUES (89, '7/29/2020', '676.34', 1, '64');
INSERT INTO [dbo].[BloodWithdrawals] ([BloodWithdrawalId], [BloodWithdrawalDate], [TransactionValue], [UnitQuantity], [ClientId]) VALUES (90, '10/18/2020', '473.85', 1, '89');
INSERT INTO [dbo].[BloodWithdrawals] ([BloodWithdrawalId], [BloodWithdrawalDate], [TransactionValue], [UnitQuantity], [ClientId]) VALUES (91, '1/9/2020', '855.43', 1, '90');
INSERT INTO [dbo].[BloodWithdrawals] ([BloodWithdrawalId], [BloodWithdrawalDate], [TransactionValue], [UnitQuantity], [ClientId]) VALUES (92, '7/10/2020', '992.10', 1, '46');
INSERT INTO [dbo].[BloodWithdrawals] ([BloodWithdrawalId], [BloodWithdrawalDate], [TransactionValue], [UnitQuantity], [ClientId]) VALUES (93, '3/13/2020', '774.49', 1, '42');
INSERT INTO [dbo].[BloodWithdrawals] ([BloodWithdrawalId], [BloodWithdrawalDate], [TransactionValue], [UnitQuantity], [ClientId]) VALUES (94, '8/9/2020', '955.56', 1, '25');
INSERT INTO [dbo].[BloodWithdrawals] ([BloodWithdrawalId], [BloodWithdrawalDate], [TransactionValue], [UnitQuantity], [ClientId]) VALUES (95, '7/16/2020', '558.02', 1, '50');
INSERT INTO [dbo].[BloodWithdrawals] ([BloodWithdrawalId], [BloodWithdrawalDate], [TransactionValue], [UnitQuantity], [ClientId]) VALUES (96, '8/26/2020', '942.55', 1, '98');
INSERT INTO [dbo].[BloodWithdrawals] ([BloodWithdrawalId], [BloodWithdrawalDate], [TransactionValue], [UnitQuantity], [ClientId]) VALUES (97, '8/28/2020', '735.39', 2, '92');
INSERT INTO [dbo].[BloodWithdrawals] ([BloodWithdrawalId], [BloodWithdrawalDate], [TransactionValue], [UnitQuantity], [ClientId]) VALUES (98, '4/24/2020', '871.23', 1, '63');
INSERT INTO [dbo].[BloodWithdrawals] ([BloodWithdrawalId], [BloodWithdrawalDate], [TransactionValue], [UnitQuantity], [ClientId]) VALUES (99, '7/7/2020', '962.72', 1, '01');
INSERT INTO [dbo].[BloodWithdrawals] ([BloodWithdrawalId], [BloodWithdrawalDate], [TransactionValue], [UnitQuantity], [ClientId]) VALUES (100, '11/5/2020', '308.24', 2, '19');

GO


INSERT INTO [dbo].[Donations] ([DonationId], [DonationBloodVolume], [MedicalReport], [BloodTypeId], [DonorId], [DonationDate]) VALUES (1, 964, 'tincidunt', '7', '26', '08/01/2021');
INSERT INTO [dbo].[Donations] ([DonationId], [DonationBloodVolume], [MedicalReport], [BloodTypeId], [DonorId], [DonationDate]) VALUES (2, 460, 'sodales scelerisque mauris sit amet eros suspendisse', '5', '47', '09/21/2021');
INSERT INTO [dbo].[Donations] ([DonationId], [DonationBloodVolume], [MedicalReport], [BloodTypeId], [DonorId], [DonationDate]) VALUES (3, 659, 'quis orci nullam molestie nibh in lectus', '8', '22', '12/05/2020');
INSERT INTO [dbo].[Donations] ([DonationId], [DonationBloodVolume], [MedicalReport], [BloodTypeId], [DonorId], [DonationDate]) VALUES (4, 940, 'sapien quis libero nullam sit amet', '7', '28', '11/04/2021');
INSERT INTO [dbo].[Donations] ([DonationId], [DonationBloodVolume], [MedicalReport], [BloodTypeId], [DonorId], [DonationDate]) VALUES (5, 795, 'rutrum', '8', '74', '05/21/2021');
INSERT INTO [dbo].[Donations] ([DonationId], [DonationBloodVolume], [MedicalReport], [BloodTypeId], [DonorId], [DonationDate]) VALUES (6, 548, '', '8', '75', '10/17/2021');
INSERT INTO [dbo].[Donations] ([DonationId], [DonationBloodVolume], [MedicalReport], [BloodTypeId], [DonorId], [DonationDate]) VALUES (7, 792, 'amet sem fusce consequat', '8', '72', '10/16/2021');
INSERT INTO [dbo].[Donations] ([DonationId], [DonationBloodVolume], [MedicalReport], [BloodTypeId], [DonorId], [DonationDate]) VALUES (8, 450, '', '7', '37', '08/05/2021');
INSERT INTO [dbo].[Donations] ([DonationId], [DonationBloodVolume], [MedicalReport], [BloodTypeId], [DonorId], [DonationDate]) VALUES (9, 456, 'nec dui luctus rutrum nulla', '8', '42', '12/21/2020');
INSERT INTO [dbo].[Donations] ([DonationId], [DonationBloodVolume], [MedicalReport], [BloodTypeId], [DonorId], [DonationDate]) VALUES (10, 684, 'suscipit nulla elit ac nulla sed vel', '7', '93', '08/27/2021');
INSERT INTO [dbo].[Donations] ([DonationId], [DonationBloodVolume], [MedicalReport], [BloodTypeId], [DonorId], [DonationDate]) VALUES (11, 894, 'orci nullam molestie nibh in lectus', '8', '64', '12/03/2020');
INSERT INTO [dbo].[Donations] ([DonationId], [DonationBloodVolume], [MedicalReport], [BloodTypeId], [DonorId], [DonationDate]) VALUES (12, 531, 'feugiat et eros', '8', '67', '07/09/2021');
INSERT INTO [dbo].[Donations] ([DonationId], [DonationBloodVolume], [MedicalReport], [BloodTypeId], [DonorId], [DonationDate]) VALUES (13, 693, 'integer', '7', '85', '11/29/2020');
INSERT INTO [dbo].[Donations] ([DonationId], [DonationBloodVolume], [MedicalReport], [BloodTypeId], [DonorId], [DonationDate]) VALUES (14, 457, 'nam ultrices libero non mattis pulvinar', '7', '85', '09/27/2021');
INSERT INTO [dbo].[Donations] ([DonationId], [DonationBloodVolume], [MedicalReport], [BloodTypeId], [DonorId], [DonationDate]) VALUES (15, 930, 'non interdum in ante vestibulum ante ipsum primis in faucibus', '8', '86', '10/20/2021');
INSERT INTO [dbo].[Donations] ([DonationId], [DonationBloodVolume], [MedicalReport], [BloodTypeId], [DonorId], [DonationDate]) VALUES (16, 963, '', '6', '96', '09/30/2021');
INSERT INTO [dbo].[Donations] ([DonationId], [DonationBloodVolume], [MedicalReport], [BloodTypeId], [DonorId], [DonationDate]) VALUES (17, 511, 'semper', '6', '45', '09/21/2021');
INSERT INTO [dbo].[Donations] ([DonationId], [DonationBloodVolume], [MedicalReport], [BloodTypeId], [DonorId], [DonationDate]) VALUES (18, 590, 'nisi nam ultrices libero non mattis', '6', '39', '11/14/2021');
INSERT INTO [dbo].[Donations] ([DonationId], [DonationBloodVolume], [MedicalReport], [BloodTypeId], [DonorId], [DonationDate]) VALUES (19, 705, 'purus sit amet nulla quisque arcu libero rutrum', '7', '46', '07/04/2021');
INSERT INTO [dbo].[Donations] ([DonationId], [DonationBloodVolume], [MedicalReport], [BloodTypeId], [DonorId], [DonationDate]) VALUES (20, 914, 'bibendum imperdiet nullam orci', '8', '41', '05/15/2021');
INSERT INTO [dbo].[Donations] ([DonationId], [DonationBloodVolume], [MedicalReport], [BloodTypeId], [DonorId], [DonationDate]) VALUES (21, 805, 'non mi integer ac neque duis', '7', '52', '12/01/2020');
INSERT INTO [dbo].[Donations] ([DonationId], [DonationBloodVolume], [MedicalReport], [BloodTypeId], [DonorId], [DonationDate]) VALUES (22, 493, 'dolor sit amet consectetuer', '8', '73', '09/24/2021');
INSERT INTO [dbo].[Donations] ([DonationId], [DonationBloodVolume], [MedicalReport], [BloodTypeId], [DonorId], [DonationDate]) VALUES (23, 521, 'dolor sit amet consectetuer adipiscing elit proin risus', '8', '09', '07/02/2021');
INSERT INTO [dbo].[Donations] ([DonationId], [DonationBloodVolume], [MedicalReport], [BloodTypeId], [DonorId], [DonationDate]) VALUES (24, 975, 'nulla tempus vivamus in felis eu', '6', '92', '11/18/2021');
INSERT INTO [dbo].[Donations] ([DonationId], [DonationBloodVolume], [MedicalReport], [BloodTypeId], [DonorId], [DonationDate]) VALUES (25, 700, 'sit amet diam in magna bibendum imperdiet nullam', '8', '47', '05/16/2021');
INSERT INTO [dbo].[Donations] ([DonationId], [DonationBloodVolume], [MedicalReport], [BloodTypeId], [DonorId], [DonationDate]) VALUES (26, 932, 'odio in hac habitasse platea dictumst', '5', '04', '07/03/2021');
INSERT INTO [dbo].[Donations] ([DonationId], [DonationBloodVolume], [MedicalReport], [BloodTypeId], [DonorId], [DonationDate]) VALUES (27, 833, 'dui vel sem', '8', '50', '06/25/2021');
INSERT INTO [dbo].[Donations] ([DonationId], [DonationBloodVolume], [MedicalReport], [BloodTypeId], [DonorId], [DonationDate]) VALUES (28, 715, 'curae nulla dapibus', '8', '05', '11/03/2021');
INSERT INTO [dbo].[Donations] ([DonationId], [DonationBloodVolume], [MedicalReport], [BloodTypeId], [DonorId], [DonationDate]) VALUES (29, 937, 'hendrerit at vulputate vitae nisl aenean lectus pellentesque eget', '7', '83', '04/08/2021');
INSERT INTO [dbo].[Donations] ([DonationId], [DonationBloodVolume], [MedicalReport], [BloodTypeId], [DonorId], [DonationDate]) VALUES (30, 845, 'mi sit amet lobortis sapien', '8', '46', '05/24/2021');
INSERT INTO [dbo].[Donations] ([DonationId], [DonationBloodVolume], [MedicalReport], [BloodTypeId], [DonorId], [DonationDate]) VALUES (31, 953, '', '7', '68', '07/07/2021');
INSERT INTO [dbo].[Donations] ([DonationId], [DonationBloodVolume], [MedicalReport], [BloodTypeId], [DonorId], [DonationDate]) VALUES (32, 822, 'volutpat quam pede lobortis', '7', '67', '03/25/2021');
INSERT INTO [dbo].[Donations] ([DonationId], [DonationBloodVolume], [MedicalReport], [BloodTypeId], [DonorId], [DonationDate]) VALUES (33, 755, 'nulla suscipit ligula in', '5', '46', '06/04/2021');
INSERT INTO [dbo].[Donations] ([DonationId], [DonationBloodVolume], [MedicalReport], [BloodTypeId], [DonorId], [DonationDate]) VALUES (34, 644, 'ac diam cras pellentesque volutpat', '7', '88', '05/09/2021');
INSERT INTO [dbo].[Donations] ([DonationId], [DonationBloodVolume], [MedicalReport], [BloodTypeId], [DonorId], [DonationDate]) VALUES (35, 968, 'vestibulum aliquet ultrices erat', '7', '85', '06/12/2021');
INSERT INTO [dbo].[Donations] ([DonationId], [DonationBloodVolume], [MedicalReport], [BloodTypeId], [DonorId], [DonationDate]) VALUES (36, 928, 'aliquet ultrices erat tortor sollicitudin mi sit', '7', '77', '03/25/2021');
INSERT INTO [dbo].[Donations] ([DonationId], [DonationBloodVolume], [MedicalReport], [BloodTypeId], [DonorId], [DonationDate]) VALUES (37, 822, 'odio', '7', '18', '05/21/2021');
INSERT INTO [dbo].[Donations] ([DonationId], [DonationBloodVolume], [MedicalReport], [BloodTypeId], [DonorId], [DonationDate]) VALUES (38, 980, 'donec quis orci', '8', '34', '09/24/2021');
INSERT INTO [dbo].[Donations] ([DonationId], [DonationBloodVolume], [MedicalReport], [BloodTypeId], [DonorId], [DonationDate]) VALUES (39, 725, '', '8', '44', '07/27/2021');
INSERT INTO [dbo].[Donations] ([DonationId], [DonationBloodVolume], [MedicalReport], [BloodTypeId], [DonorId], [DonationDate]) VALUES (40, 867, 'diam neque vestibulum eget vulputate ut', '8', '49', '01/15/2021');
INSERT INTO [dbo].[Donations] ([DonationId], [DonationBloodVolume], [MedicalReport], [BloodTypeId], [DonorId], [DonationDate]) VALUES (41, 900, 'rutrum nulla tellus in', '8', '15', '04/01/2021');
INSERT INTO [dbo].[Donations] ([DonationId], [DonationBloodVolume], [MedicalReport], [BloodTypeId], [DonorId], [DonationDate]) VALUES (42, 630, 'donec pharetra', '5', '69', '07/06/2021');
INSERT INTO [dbo].[Donations] ([DonationId], [DonationBloodVolume], [MedicalReport], [BloodTypeId], [DonorId], [DonationDate]) VALUES (43, 837, 'ante ipsum primis in faucibus', '7', '22', '07/21/2021');
INSERT INTO [dbo].[Donations] ([DonationId], [DonationBloodVolume], [MedicalReport], [BloodTypeId], [DonorId], [DonationDate]) VALUES (44, 628, 'morbi vel lectus in quam fringilla', '8', '64', '03/15/2021');
INSERT INTO [dbo].[Donations] ([DonationId], [DonationBloodVolume], [MedicalReport], [BloodTypeId], [DonorId], [DonationDate]) VALUES (45, 810, 'metus aenean fermentum donec ut', '7', '15', '11/21/2020');
INSERT INTO [dbo].[Donations] ([DonationId], [DonationBloodVolume], [MedicalReport], [BloodTypeId], [DonorId], [DonationDate]) VALUES (46, 478, 'dui proin leo odio porttitor id consequat', '8', '52', '12/23/2020');
INSERT INTO [dbo].[Donations] ([DonationId], [DonationBloodVolume], [MedicalReport], [BloodTypeId], [DonorId], [DonationDate]) VALUES (47, 860, 'dolor morbi vel', '8', '23', '06/29/2021');
INSERT INTO [dbo].[Donations] ([DonationId], [DonationBloodVolume], [MedicalReport], [BloodTypeId], [DonorId], [DonationDate]) VALUES (48, 828, 'vitae nisl aenean lectus pellentesque', '5', '85', '01/10/2021');
INSERT INTO [dbo].[Donations] ([DonationId], [DonationBloodVolume], [MedicalReport], [BloodTypeId], [DonorId], [DonationDate]) VALUES (49, 840, 'vestibulum sed magna at nunc commodo placerat', '8', '88', '05/16/2021');
INSERT INTO [dbo].[Donations] ([DonationId], [DonationBloodVolume], [MedicalReport], [BloodTypeId], [DonorId], [DonationDate]) VALUES (50, 746, '', '6', '88', '01/06/2021');
INSERT INTO [dbo].[Donations] ([DonationId], [DonationBloodVolume], [MedicalReport], [BloodTypeId], [DonorId], [DonationDate]) VALUES (51, 908, 'tristique fusce congue diam id ornare', '5', '86', '06/16/2021');
INSERT INTO [dbo].[Donations] ([DonationId], [DonationBloodVolume], [MedicalReport], [BloodTypeId], [DonorId], [DonationDate]) VALUES (52, 998, 'volutpat eleifend donec ut dolor morbi vel', '7', '34', '09/11/2021');
INSERT INTO [dbo].[Donations] ([DonationId], [DonationBloodVolume], [MedicalReport], [BloodTypeId], [DonorId], [DonationDate]) VALUES (53, 837, 'et tempus semper est', '8', '28', '12/17/2020');
INSERT INTO [dbo].[Donations] ([DonationId], [DonationBloodVolume], [MedicalReport], [BloodTypeId], [DonorId], [DonationDate]) VALUES (54, 963, 'pretium iaculis justo in hac habitasse platea dictumst etiam faucibus', '7', '02', '09/26/2021');
INSERT INTO [dbo].[Donations] ([DonationId], [DonationBloodVolume], [MedicalReport], [BloodTypeId], [DonorId], [DonationDate]) VALUES (55, 487, 'convallis morbi odio', '8', '98', '07/01/2021');
INSERT INTO [dbo].[Donations] ([DonationId], [DonationBloodVolume], [MedicalReport], [BloodTypeId], [DonorId], [DonationDate]) VALUES (56, 549, 'velit donec diam neque vestibulum eget vulputate ut ultrices', '8', '81', '11/04/2021');
INSERT INTO [dbo].[Donations] ([DonationId], [DonationBloodVolume], [MedicalReport], [BloodTypeId], [DonorId], [DonationDate]) VALUES (57, 653, 'felis eu sapien cursus vestibulum proin eu mi nulla', '8', '94', '01/01/2021');
INSERT INTO [dbo].[Donations] ([DonationId], [DonationBloodVolume], [MedicalReport], [BloodTypeId], [DonorId], [DonationDate]) VALUES (58, 964, 'hac habitasse platea dictumst morbi vestibulum velit id pretium iaculis', '7', '76', '11/28/2020');
INSERT INTO [dbo].[Donations] ([DonationId], [DonationBloodVolume], [MedicalReport], [BloodTypeId], [DonorId], [DonationDate]) VALUES (59, 917, 'tempus vel pede morbi', '8', '64', '09/28/2021');
INSERT INTO [dbo].[Donations] ([DonationId], [DonationBloodVolume], [MedicalReport], [BloodTypeId], [DonorId], [DonationDate]) VALUES (60, 502, '', '7', '90', '03/11/2021');
INSERT INTO [dbo].[Donations] ([DonationId], [DonationBloodVolume], [MedicalReport], [BloodTypeId], [DonorId], [DonationDate]) VALUES (61, 638, 'tincidunt nulla mollis molestie lorem', '8', '01', '12/31/2020');
INSERT INTO [dbo].[Donations] ([DonationId], [DonationBloodVolume], [MedicalReport], [BloodTypeId], [DonorId], [DonationDate]) VALUES (62, 723, 'luctus ultricies', '8', '28', '03/02/2021');
INSERT INTO [dbo].[Donations] ([DonationId], [DonationBloodVolume], [MedicalReport], [BloodTypeId], [DonorId], [DonationDate]) VALUES (63, 592, 'eros elementum pellentesque quisque', '8', '96', '08/19/2021');
INSERT INTO [dbo].[Donations] ([DonationId], [DonationBloodVolume], [MedicalReport], [BloodTypeId], [DonorId], [DonationDate]) VALUES (64, 556, 'integer pede justo lacinia', '3', '100', '11/22/2020');
INSERT INTO [dbo].[Donations] ([DonationId], [DonationBloodVolume], [MedicalReport], [BloodTypeId], [DonorId], [DonationDate]) VALUES (65, 668, 'est lacinia nisi venenatis tristique fusce', '6', '88', '06/20/2021');
INSERT INTO [dbo].[Donations] ([DonationId], [DonationBloodVolume], [MedicalReport], [BloodTypeId], [DonorId], [DonationDate]) VALUES (66, 732, 'lorem vitae mattis', '8', '55', '10/06/2021');
INSERT INTO [dbo].[Donations] ([DonationId], [DonationBloodVolume], [MedicalReport], [BloodTypeId], [DonorId], [DonationDate]) VALUES (67, 942, 'lectus in est risus auctor sed tristique in', '7', '05', '08/13/2021');
INSERT INTO [dbo].[Donations] ([DonationId], [DonationBloodVolume], [MedicalReport], [BloodTypeId], [DonorId], [DonationDate]) VALUES (68, 479, 'vestibulum ante ipsum primis in faucibus', '5', '86', '05/30/2021');
INSERT INTO [dbo].[Donations] ([DonationId], [DonationBloodVolume], [MedicalReport], [BloodTypeId], [DonorId], [DonationDate]) VALUES (69, 638, '', '8', '27', '01/19/2021');
INSERT INTO [dbo].[Donations] ([DonationId], [DonationBloodVolume], [MedicalReport], [BloodTypeId], [DonorId], [DonationDate]) VALUES (70, 670, 'iaculis diam erat fermentum justo', '4', '11', '02/19/2021');
INSERT INTO [dbo].[Donations] ([DonationId], [DonationBloodVolume], [MedicalReport], [BloodTypeId], [DonorId], [DonationDate]) VALUES (71, 584, 'consectetuer adipiscing elit', '8', '97', '04/30/2021');
INSERT INTO [dbo].[Donations] ([DonationId], [DonationBloodVolume], [MedicalReport], [BloodTypeId], [DonorId], [DonationDate]) VALUES (72, 502, 'erat quisque erat eros viverra', '8', '71', '10/12/2021');
INSERT INTO [dbo].[Donations] ([DonationId], [DonationBloodVolume], [MedicalReport], [BloodTypeId], [DonorId], [DonationDate]) VALUES (73, 500, 'justo morbi ut odio', '7', '20', '09/29/2021');
INSERT INTO [dbo].[Donations] ([DonationId], [DonationBloodVolume], [MedicalReport], [BloodTypeId], [DonorId], [DonationDate]) VALUES (74, 818, 'luctus ultricies eu nibh quisque id justo sit amet sapien', '6', '13', '02/26/2021');
INSERT INTO [dbo].[Donations] ([DonationId], [DonationBloodVolume], [MedicalReport], [BloodTypeId], [DonorId], [DonationDate]) VALUES (75, 471, 'eros vestibulum ac est', '6', '74', '09/15/2021');
INSERT INTO [dbo].[Donations] ([DonationId], [DonationBloodVolume], [MedicalReport], [BloodTypeId], [DonorId], [DonationDate]) VALUES (76, 934, 'aliquet massa id lobortis convallis tortor risus dapibus augue', '8', '96', '08/21/2021');
INSERT INTO [dbo].[Donations] ([DonationId], [DonationBloodVolume], [MedicalReport], [BloodTypeId], [DonorId], [DonationDate]) VALUES (77, 964, 'in blandit ultrices enim lorem ipsum dolor', '7', '91', '02/06/2021');
INSERT INTO [dbo].[Donations] ([DonationId], [DonationBloodVolume], [MedicalReport], [BloodTypeId], [DonorId], [DonationDate]) VALUES (78, 682, 'erat id mauris', '8', '96', '02/20/2021');
INSERT INTO [dbo].[Donations] ([DonationId], [DonationBloodVolume], [MedicalReport], [BloodTypeId], [DonorId], [DonationDate]) VALUES (79, 662, '', '8', '26', '03/12/2021');
INSERT INTO [dbo].[Donations] ([DonationId], [DonationBloodVolume], [MedicalReport], [BloodTypeId], [DonorId], [DonationDate]) VALUES (80, 626, 'praesent lectus vestibulum quam sapien varius ut blandit', '8', '80', '04/19/2021');
INSERT INTO [dbo].[Donations] ([DonationId], [DonationBloodVolume], [MedicalReport], [BloodTypeId], [DonorId], [DonationDate]) VALUES (81, 484, 'in felis donec semper sapien a libero nam dui proin', '7', '59', '10/08/2021');
INSERT INTO [dbo].[Donations] ([DonationId], [DonationBloodVolume], [MedicalReport], [BloodTypeId], [DonorId], [DonationDate]) VALUES (82, 723, 'natoque penatibus et magnis dis parturient montes nascetur ridiculus', '8', '33', '06/22/2021');
INSERT INTO [dbo].[Donations] ([DonationId], [DonationBloodVolume], [MedicalReport], [BloodTypeId], [DonorId], [DonationDate]) VALUES (83, 488, 'adipiscing elit proin risus praesent lectus vestibulum quam', '5', '97', '12/09/2020');
INSERT INTO [dbo].[Donations] ([DonationId], [DonationBloodVolume], [MedicalReport], [BloodTypeId], [DonorId], [DonationDate]) VALUES (84, 624, 'nisl aenean lectus pellentesque eget nunc donec quis orci eget', '8', '92', '09/07/2021');
INSERT INTO [dbo].[Donations] ([DonationId], [DonationBloodVolume], [MedicalReport], [BloodTypeId], [DonorId], [DonationDate]) VALUES (85, 806, 'sodales scelerisque mauris sit amet eros', '8', '43', '08/14/2021');
INSERT INTO [dbo].[Donations] ([DonationId], [DonationBloodVolume], [MedicalReport], [BloodTypeId], [DonorId], [DonationDate]) VALUES (86, 466, 'lacinia nisi venenatis tristique fusce congue diam id ornare', '7', '67', '07/11/2021');
INSERT INTO [dbo].[Donations] ([DonationId], [DonationBloodVolume], [MedicalReport], [BloodTypeId], [DonorId], [DonationDate]) VALUES (87, 667, '', '7', '23', '01/17/2021');
INSERT INTO [dbo].[Donations] ([DonationId], [DonationBloodVolume], [MedicalReport], [BloodTypeId], [DonorId], [DonationDate]) VALUES (88, 631, 'id nisl venenatis lacinia aenean sit', '8', '23', '12/07/2020');
INSERT INTO [dbo].[Donations] ([DonationId], [DonationBloodVolume], [MedicalReport], [BloodTypeId], [DonorId], [DonationDate]) VALUES (89, 544, 'eget rutrum at lorem integer tincidunt ante vel', '8', '10', '06/13/2021');
INSERT INTO [dbo].[Donations] ([DonationId], [DonationBloodVolume], [MedicalReport], [BloodTypeId], [DonorId], [DonationDate]) VALUES (90, 876, 'morbi porttitor lorem id ligula suspendisse', '8', '52', '03/28/2021');
INSERT INTO [dbo].[Donations] ([DonationId], [DonationBloodVolume], [MedicalReport], [BloodTypeId], [DonorId], [DonationDate]) VALUES (91, 751, 'aliquet at feugiat non pretium quis lectus suspendisse', '7', '87', '10/16/2021');
INSERT INTO [dbo].[Donations] ([DonationId], [DonationBloodVolume], [MedicalReport], [BloodTypeId], [DonorId], [DonationDate]) VALUES (92, 913, 'id', '7', '23', '03/16/2021');
INSERT INTO [dbo].[Donations] ([DonationId], [DonationBloodVolume], [MedicalReport], [BloodTypeId], [DonorId], [DonationDate]) VALUES (93, 513, 'erat curabitur gravida nisi at nibh in hac habitasse', '8', '18', '12/04/2020');
INSERT INTO [dbo].[Donations] ([DonationId], [DonationBloodVolume], [MedicalReport], [BloodTypeId], [DonorId], [DonationDate]) VALUES (94, 803, 'ac lobortis vel dapibus at diam nam tristique tortor eu', '8', '30', '09/21/2021');
INSERT INTO [dbo].[Donations] ([DonationId], [DonationBloodVolume], [MedicalReport], [BloodTypeId], [DonorId], [DonationDate]) VALUES (95, 507, 'faucibus', '8', '97', '08/06/2021');
INSERT INTO [dbo].[Donations] ([DonationId], [DonationBloodVolume], [MedicalReport], [BloodTypeId], [DonorId], [DonationDate]) VALUES (96, 681, 'at', '6', '46', '02/27/2021');
INSERT INTO [dbo].[Donations] ([DonationId], [DonationBloodVolume], [MedicalReport], [BloodTypeId], [DonorId], [DonationDate]) VALUES (97, 589, 'malesuada in imperdiet et commodo vulputate', '8', '33', '04/12/2021');
INSERT INTO [dbo].[Donations] ([DonationId], [DonationBloodVolume], [MedicalReport], [BloodTypeId], [DonorId], [DonationDate]) VALUES (98, 808, 'velit donec diam neque vestibulum eget vulputate ut ultrices', '8', '02', '10/28/2021');
INSERT INTO [dbo].[Donations] ([DonationId], [DonationBloodVolume], [MedicalReport], [BloodTypeId], [DonorId], [DonationDate]) VALUES (99, 641, 'dolor morbi vel lectus in quam fringilla rhoncus mauris enim', '8', '26', '04/18/2021');
INSERT INTO [dbo].[Donations] ([DonationId], [DonationBloodVolume], [MedicalReport], [BloodTypeId], [DonorId], [DonationDate]) VALUES (100, 785, 'in quis justo maecenas rhoncus aliquam lacus', '8', '60', '10/01/2021');

GO


INSERT INTO [dbo].[BloodWithdrawalUnits] ([BloodWithdrawalUnitsId], [UnitId], [BloodWithdrawalId]) VALUES (1, '85', '80');
INSERT INTO [dbo].[BloodWithdrawalUnits] ([BloodWithdrawalUnitsId], [UnitId], [BloodWithdrawalId]) VALUES (2, '17', '41');
INSERT INTO [dbo].[BloodWithdrawalUnits] ([BloodWithdrawalUnitsId], [UnitId], [BloodWithdrawalId]) VALUES (3, '29', '79');
INSERT INTO [dbo].[BloodWithdrawalUnits] ([BloodWithdrawalUnitsId], [UnitId], [BloodWithdrawalId]) VALUES (4, '13', '55');
INSERT INTO [dbo].[BloodWithdrawalUnits] ([BloodWithdrawalUnitsId], [UnitId], [BloodWithdrawalId]) VALUES (5, '54', '80');
INSERT INTO [dbo].[BloodWithdrawalUnits] ([BloodWithdrawalUnitsId], [UnitId], [BloodWithdrawalId]) VALUES (6, '93', '44');
INSERT INTO [dbo].[BloodWithdrawalUnits] ([BloodWithdrawalUnitsId], [UnitId], [BloodWithdrawalId]) VALUES (7, '58', '43');
INSERT INTO [dbo].[BloodWithdrawalUnits] ([BloodWithdrawalUnitsId], [UnitId], [BloodWithdrawalId]) VALUES (8, '85', '32');
INSERT INTO [dbo].[BloodWithdrawalUnits] ([BloodWithdrawalUnitsId], [UnitId], [BloodWithdrawalId]) VALUES (9, '62', '68');
INSERT INTO [dbo].[BloodWithdrawalUnits] ([BloodWithdrawalUnitsId], [UnitId], [BloodWithdrawalId]) VALUES (10, '62', '66');
INSERT INTO [dbo].[BloodWithdrawalUnits] ([BloodWithdrawalUnitsId], [UnitId], [BloodWithdrawalId]) VALUES (11, '31', '72');
INSERT INTO [dbo].[BloodWithdrawalUnits] ([BloodWithdrawalUnitsId], [UnitId], [BloodWithdrawalId]) VALUES (12, '81', '32');
INSERT INTO [dbo].[BloodWithdrawalUnits] ([BloodWithdrawalUnitsId], [UnitId], [BloodWithdrawalId]) VALUES (13, '64', '94');
INSERT INTO [dbo].[BloodWithdrawalUnits] ([BloodWithdrawalUnitsId], [UnitId], [BloodWithdrawalId]) VALUES (14, '95', '55');
INSERT INTO [dbo].[BloodWithdrawalUnits] ([BloodWithdrawalUnitsId], [UnitId], [BloodWithdrawalId]) VALUES (15, '69', '48');
INSERT INTO [dbo].[BloodWithdrawalUnits] ([BloodWithdrawalUnitsId], [UnitId], [BloodWithdrawalId]) VALUES (16, '39', '100');
INSERT INTO [dbo].[BloodWithdrawalUnits] ([BloodWithdrawalUnitsId], [UnitId], [BloodWithdrawalId]) VALUES (17, '70', '13');
INSERT INTO [dbo].[BloodWithdrawalUnits] ([BloodWithdrawalUnitsId], [UnitId], [BloodWithdrawalId]) VALUES (18, '80', '39');
INSERT INTO [dbo].[BloodWithdrawalUnits] ([BloodWithdrawalUnitsId], [UnitId], [BloodWithdrawalId]) VALUES (19, '84', '62');
INSERT INTO [dbo].[BloodWithdrawalUnits] ([BloodWithdrawalUnitsId], [UnitId], [BloodWithdrawalId]) VALUES (20, '59', '50');
INSERT INTO [dbo].[BloodWithdrawalUnits] ([BloodWithdrawalUnitsId], [UnitId], [BloodWithdrawalId]) VALUES (21, '81', '74');
INSERT INTO [dbo].[BloodWithdrawalUnits] ([BloodWithdrawalUnitsId], [UnitId], [BloodWithdrawalId]) VALUES (22, '40', '78');
INSERT INTO [dbo].[BloodWithdrawalUnits] ([BloodWithdrawalUnitsId], [UnitId], [BloodWithdrawalId]) VALUES (23, '46', '21');
INSERT INTO [dbo].[BloodWithdrawalUnits] ([BloodWithdrawalUnitsId], [UnitId], [BloodWithdrawalId]) VALUES (24, '25', '09');
INSERT INTO [dbo].[BloodWithdrawalUnits] ([BloodWithdrawalUnitsId], [UnitId], [BloodWithdrawalId]) VALUES (25, '96', '16');
INSERT INTO [dbo].[BloodWithdrawalUnits] ([BloodWithdrawalUnitsId], [UnitId], [BloodWithdrawalId]) VALUES (26, '98', '95');
INSERT INTO [dbo].[BloodWithdrawalUnits] ([BloodWithdrawalUnitsId], [UnitId], [BloodWithdrawalId]) VALUES (27, '58', '54');
INSERT INTO [dbo].[BloodWithdrawalUnits] ([BloodWithdrawalUnitsId], [UnitId], [BloodWithdrawalId]) VALUES (28, '23', '03');
INSERT INTO [dbo].[BloodWithdrawalUnits] ([BloodWithdrawalUnitsId], [UnitId], [BloodWithdrawalId]) VALUES (29, '78', '64');
INSERT INTO [dbo].[BloodWithdrawalUnits] ([BloodWithdrawalUnitsId], [UnitId], [BloodWithdrawalId]) VALUES (30, '65', '53');
INSERT INTO [dbo].[BloodWithdrawalUnits] ([BloodWithdrawalUnitsId], [UnitId], [BloodWithdrawalId]) VALUES (31, '41', '86');
INSERT INTO [dbo].[BloodWithdrawalUnits] ([BloodWithdrawalUnitsId], [UnitId], [BloodWithdrawalId]) VALUES (32, '77', '79');
INSERT INTO [dbo].[BloodWithdrawalUnits] ([BloodWithdrawalUnitsId], [UnitId], [BloodWithdrawalId]) VALUES (33, '03', '28');
INSERT INTO [dbo].[BloodWithdrawalUnits] ([BloodWithdrawalUnitsId], [UnitId], [BloodWithdrawalId]) VALUES (34, '78', '82');
INSERT INTO [dbo].[BloodWithdrawalUnits] ([BloodWithdrawalUnitsId], [UnitId], [BloodWithdrawalId]) VALUES (35, '92', '01');
INSERT INTO [dbo].[BloodWithdrawalUnits] ([BloodWithdrawalUnitsId], [UnitId], [BloodWithdrawalId]) VALUES (36, '26', '12');
INSERT INTO [dbo].[BloodWithdrawalUnits] ([BloodWithdrawalUnitsId], [UnitId], [BloodWithdrawalId]) VALUES (37, '87', '61');
INSERT INTO [dbo].[BloodWithdrawalUnits] ([BloodWithdrawalUnitsId], [UnitId], [BloodWithdrawalId]) VALUES (38, '02', '65');
INSERT INTO [dbo].[BloodWithdrawalUnits] ([BloodWithdrawalUnitsId], [UnitId], [BloodWithdrawalId]) VALUES (39, '67', '30');
INSERT INTO [dbo].[BloodWithdrawalUnits] ([BloodWithdrawalUnitsId], [UnitId], [BloodWithdrawalId]) VALUES (40, '14', '14');
INSERT INTO [dbo].[BloodWithdrawalUnits] ([BloodWithdrawalUnitsId], [UnitId], [BloodWithdrawalId]) VALUES (41, '88', '100');
INSERT INTO [dbo].[BloodWithdrawalUnits] ([BloodWithdrawalUnitsId], [UnitId], [BloodWithdrawalId]) VALUES (42, '97', '89');
INSERT INTO [dbo].[BloodWithdrawalUnits] ([BloodWithdrawalUnitsId], [UnitId], [BloodWithdrawalId]) VALUES (43, '90', '11');
INSERT INTO [dbo].[BloodWithdrawalUnits] ([BloodWithdrawalUnitsId], [UnitId], [BloodWithdrawalId]) VALUES (44, '12', '68');
INSERT INTO [dbo].[BloodWithdrawalUnits] ([BloodWithdrawalUnitsId], [UnitId], [BloodWithdrawalId]) VALUES (45, '28', '97');
INSERT INTO [dbo].[BloodWithdrawalUnits] ([BloodWithdrawalUnitsId], [UnitId], [BloodWithdrawalId]) VALUES (46, '25', '25');
INSERT INTO [dbo].[BloodWithdrawalUnits] ([BloodWithdrawalUnitsId], [UnitId], [BloodWithdrawalId]) VALUES (47, '28', '70');
INSERT INTO [dbo].[BloodWithdrawalUnits] ([BloodWithdrawalUnitsId], [UnitId], [BloodWithdrawalId]) VALUES (48, '44', '11');
INSERT INTO [dbo].[BloodWithdrawalUnits] ([BloodWithdrawalUnitsId], [UnitId], [BloodWithdrawalId]) VALUES (49, '26', '52');
INSERT INTO [dbo].[BloodWithdrawalUnits] ([BloodWithdrawalUnitsId], [UnitId], [BloodWithdrawalId]) VALUES (50, '93', '04');
INSERT INTO [dbo].[BloodWithdrawalUnits] ([BloodWithdrawalUnitsId], [UnitId], [BloodWithdrawalId]) VALUES (51, '39', '04');
INSERT INTO [dbo].[BloodWithdrawalUnits] ([BloodWithdrawalUnitsId], [UnitId], [BloodWithdrawalId]) VALUES (52, '55', '16');
INSERT INTO [dbo].[BloodWithdrawalUnits] ([BloodWithdrawalUnitsId], [UnitId], [BloodWithdrawalId]) VALUES (53, '65', '12');
INSERT INTO [dbo].[BloodWithdrawalUnits] ([BloodWithdrawalUnitsId], [UnitId], [BloodWithdrawalId]) VALUES (54, '62', '76');
INSERT INTO [dbo].[BloodWithdrawalUnits] ([BloodWithdrawalUnitsId], [UnitId], [BloodWithdrawalId]) VALUES (55, '98', '58');
INSERT INTO [dbo].[BloodWithdrawalUnits] ([BloodWithdrawalUnitsId], [UnitId], [BloodWithdrawalId]) VALUES (56, '12', '96');
INSERT INTO [dbo].[BloodWithdrawalUnits] ([BloodWithdrawalUnitsId], [UnitId], [BloodWithdrawalId]) VALUES (57, '48', '39');
INSERT INTO [dbo].[BloodWithdrawalUnits] ([BloodWithdrawalUnitsId], [UnitId], [BloodWithdrawalId]) VALUES (58, '40', '41');
INSERT INTO [dbo].[BloodWithdrawalUnits] ([BloodWithdrawalUnitsId], [UnitId], [BloodWithdrawalId]) VALUES (59, '36', '100');
INSERT INTO [dbo].[BloodWithdrawalUnits] ([BloodWithdrawalUnitsId], [UnitId], [BloodWithdrawalId]) VALUES (60, '13', '49');
INSERT INTO [dbo].[BloodWithdrawalUnits] ([BloodWithdrawalUnitsId], [UnitId], [BloodWithdrawalId]) VALUES (61, '12', '99');
INSERT INTO [dbo].[BloodWithdrawalUnits] ([BloodWithdrawalUnitsId], [UnitId], [BloodWithdrawalId]) VALUES (62, '76', '63');
INSERT INTO [dbo].[BloodWithdrawalUnits] ([BloodWithdrawalUnitsId], [UnitId], [BloodWithdrawalId]) VALUES (63, '10', '31');
INSERT INTO [dbo].[BloodWithdrawalUnits] ([BloodWithdrawalUnitsId], [UnitId], [BloodWithdrawalId]) VALUES (64, '89', '41');
INSERT INTO [dbo].[BloodWithdrawalUnits] ([BloodWithdrawalUnitsId], [UnitId], [BloodWithdrawalId]) VALUES (65, '17', '40');
INSERT INTO [dbo].[BloodWithdrawalUnits] ([BloodWithdrawalUnitsId], [UnitId], [BloodWithdrawalId]) VALUES (66, '73', '89');
INSERT INTO [dbo].[BloodWithdrawalUnits] ([BloodWithdrawalUnitsId], [UnitId], [BloodWithdrawalId]) VALUES (67, '33', '32');
INSERT INTO [dbo].[BloodWithdrawalUnits] ([BloodWithdrawalUnitsId], [UnitId], [BloodWithdrawalId]) VALUES (68, '62', '71');
INSERT INTO [dbo].[BloodWithdrawalUnits] ([BloodWithdrawalUnitsId], [UnitId], [BloodWithdrawalId]) VALUES (69, '26', '97');
INSERT INTO [dbo].[BloodWithdrawalUnits] ([BloodWithdrawalUnitsId], [UnitId], [BloodWithdrawalId]) VALUES (70, '39', '97');
INSERT INTO [dbo].[BloodWithdrawalUnits] ([BloodWithdrawalUnitsId], [UnitId], [BloodWithdrawalId]) VALUES (71, '54', '51');
INSERT INTO [dbo].[BloodWithdrawalUnits] ([BloodWithdrawalUnitsId], [UnitId], [BloodWithdrawalId]) VALUES (72, '43', '100');
INSERT INTO [dbo].[BloodWithdrawalUnits] ([BloodWithdrawalUnitsId], [UnitId], [BloodWithdrawalId]) VALUES (73, '04', '99');
INSERT INTO [dbo].[BloodWithdrawalUnits] ([BloodWithdrawalUnitsId], [UnitId], [BloodWithdrawalId]) VALUES (74, '04', '81');
INSERT INTO [dbo].[BloodWithdrawalUnits] ([BloodWithdrawalUnitsId], [UnitId], [BloodWithdrawalId]) VALUES (75, '27', '68');
INSERT INTO [dbo].[BloodWithdrawalUnits] ([BloodWithdrawalUnitsId], [UnitId], [BloodWithdrawalId]) VALUES (76, '52', '88');
INSERT INTO [dbo].[BloodWithdrawalUnits] ([BloodWithdrawalUnitsId], [UnitId], [BloodWithdrawalId]) VALUES (77, '90', '88');
INSERT INTO [dbo].[BloodWithdrawalUnits] ([BloodWithdrawalUnitsId], [UnitId], [BloodWithdrawalId]) VALUES (78, '68', '84');
INSERT INTO [dbo].[BloodWithdrawalUnits] ([BloodWithdrawalUnitsId], [UnitId], [BloodWithdrawalId]) VALUES (79, '17', '05');
INSERT INTO [dbo].[BloodWithdrawalUnits] ([BloodWithdrawalUnitsId], [UnitId], [BloodWithdrawalId]) VALUES (80, '26', '63');
INSERT INTO [dbo].[BloodWithdrawalUnits] ([BloodWithdrawalUnitsId], [UnitId], [BloodWithdrawalId]) VALUES (81, '40', '70');
INSERT INTO [dbo].[BloodWithdrawalUnits] ([BloodWithdrawalUnitsId], [UnitId], [BloodWithdrawalId]) VALUES (82, '34', '28');
INSERT INTO [dbo].[BloodWithdrawalUnits] ([BloodWithdrawalUnitsId], [UnitId], [BloodWithdrawalId]) VALUES (83, '44', '97');
INSERT INTO [dbo].[BloodWithdrawalUnits] ([BloodWithdrawalUnitsId], [UnitId], [BloodWithdrawalId]) VALUES (84, '90', '76');
INSERT INTO [dbo].[BloodWithdrawalUnits] ([BloodWithdrawalUnitsId], [UnitId], [BloodWithdrawalId]) VALUES (85, '04', '39');
INSERT INTO [dbo].[BloodWithdrawalUnits] ([BloodWithdrawalUnitsId], [UnitId], [BloodWithdrawalId]) VALUES (86, '33', '80');
INSERT INTO [dbo].[BloodWithdrawalUnits] ([BloodWithdrawalUnitsId], [UnitId], [BloodWithdrawalId]) VALUES (87, '82', '54');
INSERT INTO [dbo].[BloodWithdrawalUnits] ([BloodWithdrawalUnitsId], [UnitId], [BloodWithdrawalId]) VALUES (88, '72', '46');
INSERT INTO [dbo].[BloodWithdrawalUnits] ([BloodWithdrawalUnitsId], [UnitId], [BloodWithdrawalId]) VALUES (89, '92', '46');
INSERT INTO [dbo].[BloodWithdrawalUnits] ([BloodWithdrawalUnitsId], [UnitId], [BloodWithdrawalId]) VALUES (90, '97', '92');
INSERT INTO [dbo].[BloodWithdrawalUnits] ([BloodWithdrawalUnitsId], [UnitId], [BloodWithdrawalId]) VALUES (91, '77', '29');
INSERT INTO [dbo].[BloodWithdrawalUnits] ([BloodWithdrawalUnitsId], [UnitId], [BloodWithdrawalId]) VALUES (92, '14', '87');
INSERT INTO [dbo].[BloodWithdrawalUnits] ([BloodWithdrawalUnitsId], [UnitId], [BloodWithdrawalId]) VALUES (93, '25', '71');
INSERT INTO [dbo].[BloodWithdrawalUnits] ([BloodWithdrawalUnitsId], [UnitId], [BloodWithdrawalId]) VALUES (94, '21', '98');
INSERT INTO [dbo].[BloodWithdrawalUnits] ([BloodWithdrawalUnitsId], [UnitId], [BloodWithdrawalId]) VALUES (95, '92', '21');
INSERT INTO [dbo].[BloodWithdrawalUnits] ([BloodWithdrawalUnitsId], [UnitId], [BloodWithdrawalId]) VALUES (96, '06', '51');
INSERT INTO [dbo].[BloodWithdrawalUnits] ([BloodWithdrawalUnitsId], [UnitId], [BloodWithdrawalId]) VALUES (97, '20', '18');
INSERT INTO [dbo].[BloodWithdrawalUnits] ([BloodWithdrawalUnitsId], [UnitId], [BloodWithdrawalId]) VALUES (98, '76', '29');
INSERT INTO [dbo].[BloodWithdrawalUnits] ([BloodWithdrawalUnitsId], [UnitId], [BloodWithdrawalId]) VALUES (99, '24', '47');
INSERT INTO [dbo].[BloodWithdrawalUnits] ([BloodWithdrawalUnitsId], [UnitId], [BloodWithdrawalId]) VALUES (100, '76', '41');

GO